CASE_ID,ACCIDENT_YEAR,PROC_DATE,JURIS,COLLISION_DATE,COLLISION_TIME,OFFICER_ID,REPORTING_DISTRICT,DAY_OF_WEEK,CHP_SHIFT,POPULATION,CNTY_CITY_LOC,SPECIAL_COND,BEAT_TYPE,CHP_BEAT_TYPE,CITY_DIVISION_LAPD,CHP_BEAT_CLASS,BEAT_NUMBER,PRIMARY_RD,SECONDARY_RD,DISTANCE,DIRECTION,INTERSECTION,WEATHER_1,WEATHER_2,STATE_HWY_IND,CALTRANS_COUNTY,CALTRANS_DISTRICT,STATE_ROUTE,ROUTE_SUFFIX,POSTMILE_PREFIX,POSTMILE,LOCATION_TYPE,RAMP_INTERSECTION,SIDE_OF_HWY,TOW_AWAY,COLLISION_SEVERITY,NUMBER_KILLED,NUMBER_INJURED,PARTY_COUNT,PRIMARY_COLL_FACTOR,PCF_CODE_OF_VIOL,PCF_VIOL_CATEGORY,PCF_VIOLATION,PCF_VIOL_SUBSECTION,HIT_AND_RUN,TYPE_OF_COLLISION,MVIW,PED_ACTION,ROAD_SURFACE,ROAD_COND_1,ROAD_COND_2,LIGHTING,CONTROL_DEVICE,CHP_ROAD_TYPE,PEDESTRIAN_ACCIDENT,BICYCLE_ACCIDENT,MOTORCYCLE_ACCIDENT,TRUCK_ACCIDENT,NOT_PRIVATE_PROPERTY,ALCOHOL_INVOLVED,STWD_VEHTYPE_AT_FAULT,CHP_VEHTYPE_AT_FAULT,COUNT_SEVERE_INJ,COUNT_VISIBLE_INJ,COUNT_COMPLAINT_PAIN,COUNT_PED_KILLED,COUNT_PED_INJURED,COUNT_BICYCLIST_KILLED,COUNT_BICYCLIST_INJURED,COUNT_MC_KILLED,COUNT_MC_INJURED,PRIMARY_RAMP,SECONDARY_RAMP,LATITUDE,LONGITUDE,COUNTY,CITY,POINT_X,POINT_Y
6395208,2014,2015-11-25,9295,2014-03-01,1540,16881,,6,2,9,0300,0,1,3,,1,053,"RT 88","PIONEER CREEK RD",15.00,W,N,A,-,Y,AMA,10,88,-,-,29.400,I,5,E,Y,2,0,2,2,A,-,03,22350,,N,C,C,A,A,H,-,A,D,0,,,,,Y,,D,22,1,1,0,0,0,0,0,0,0,"- ","- ",38.43141,-120.57353000000001,AMADOR,UNINCORPORATED,-120.57335479,38.431467720000001
8003953,2015,2017-01-13,0303,2015-11-11,1824,9398,JKC,3,5,2,0303,0,0,0,,0,JKC,"RT 49","MATTLEY ST",266.00,N,N,A,-,Y,AMA,10,49,-,-,4.370,H,-,S,Y,2,0,1,2,A,-,10,21950,A,N,G,B,C,A,H,-,C,A,0,Y,,,,Y,,A,01,1,0,0,0,1,0,0,0,0,"- ","- ",,,AMADOR,JACKSON,-120.77566261,38.351143440000001
90736164,2018,2018-05-29,9295,2018-05-25,0530,018736,,5,3,9,0300,0,3,5,,2,001,"FIDDLETOWN RD","MOUNT WHITNEY DR",3696.00,W,N,C,-,N,,,,,,,,,,Y,2,0,2,1,A,-,08,22107,,N,F,A,A,B,H,-,B,D,0,,,,,Y,,A,07,1,1,0,0,0,0,0,0,0,"- ","- ",38.499050140380859,-120.73941040039062,AMADOR,UNINCORPORATED,-120.73951721191406,38.499103546142578
9127159,2020,2021-02-22,0302,2020-09-28,0524,L3805,IOC,1,5,2,0302,0,0,0,,0,IOC,"RT 104","COLLINS RD",1056.00,S,N,A,-,Y,AMA,10,104,-,R,4.220,H,-,E,Y,2,0,1,2,A,-,09,21801,A,N,A,C,A,A,H,-,C,D,0,,,,,Y,,D,22,1,0,0,0,0,0,0,0,0,"- ","- ",38.368801116943359,-120.95934295654297,AMADOR,IONE,-120.95692443847656,38.367820739746094
90334810,2016,2016-12-01,9295,2016-10-01,1040,018736,,6,1,9,0300,0,1,3,,1,016,SR-16,"WELSH POND RD",1584.00,E,N,A,-,Y,,,16,,,,,,,Y,1,1,0,2,A,-,05,21650,,N,A,C,A,A,H,-,A,D,0,,,,Y,Y,,A,01,0,0,0,0,0,0,0,0,0,"- ","- ",38.455330000000004,-120.92281,AMADOR,UNINCORPORATED,-120.92284075000001,38.455270310000003
94664031,2025,2025-04-25,9295,2025-04-16,1350,022458,,3,1,9,0300,0,2,4,,1,045,"RIDGE RD","DRUID LANE",20.00,E,N,B,-,N,,,,,,,,,,N,2,0,1,1,A,-,03,22350,,N,E,I,A,A,H,-,A,D,0,,,Y,,Y,,C,02,1,0,0,0,0,0,0,0,1,"- ","- ",38.414138793945312,-120.68251037597656,AMADOR,UNINCORPORATED,-120.68279266357422,38.414173126220703
6452066,2014,2016-04-11,9295,2014-04-16,1416,015164,,3,2,9,0300,0,1,3,,1,053,"RT 88","ROCKY LN",500.00,W,N,A,-,Y,AMA,10,88,-,-,27.120,H,-,E,Y,2,0,2,2,A,-,08,22107,,N,A,C,A,A,H,-,A,D,0,,,,,Y,,D,22,1,0,1,0,0,0,0,0,0,"- ","- ",38.41563,-120.6101,AMADOR,UNINCORPORATED,-120.60755087,38.417855830000001
90501875,2017,2017-07-17,9295,2017-07-13,2145,019003,,4,2,9,0300,0,3,5,,2,005,"FIDDLETOWN RD","JURA LN",280.00,E,N,A,-,N,,,,,,,,,,Y,2,0,1,1,A,-,05,21650,,N,E,I,A,A,H,-,D,D,0,,,,,Y,,A,07,1,0,0,0,0,0,0,0,0,"- ","- ",38.503210000000003,-120.66674999999999,AMADOR,UNINCORPORATED,-120.66764809,38.502833549999998
92147835,2023,2023-08-18,9295,2023-08-07,1500,016881,,1,2,9,0300,0,1,3,,1,064,SR-88,"88 MPM R59.50",1282.00,W,N,A,-,Y,AMA,,88," ",R,59.176,H,,R,Y,2,0,1,1,A,-,03,22350,,N,F,A,A,A,H,-,A,D,0,,,,Y,Y,,G,25,1,0,0,0,0,0,0,0,0,"- ","- ",38.625148773193359,-120.20382690429688,AMADOR,UNINCORPORATED,-120.20377349853516,38.625175476074219
91060300,2019,2019-08-27,9295,2019-08-22,1555,019387,,4,2,9,0300,0,1,3,,1,064,"STATE ROUTE 88","KIRKWOOD MEADOWS DR",10560.00,W,N,A,-,Y,,,88,,,,,,,Y,2,0,1,1,A,-,08,22107,,N,E,I,A,A,H,-,A,D,0,,,,,Y,,D,22,1,0,0,0,0,0,0,0,0,"- ","- ",38.705501556396484,-120.11003112792969,AMADOR,UNINCORPORATED,-120.11003112792969,38.705497741699219
94666186,2025,2025-04-28,9295,2025-04-21,2125,019003,,1,2,9,0300,0,1,3,,1,049,SR-49,"MIDDLE BAR RD",2640.00,S,N,A,-,Y,AMA,,49," "," ",2.153,H,,R,Y,2,0,1,1,A,-,03,22350,,N,F,A,A,A,H,-,D,D,0,,,Y,,Y,,C,02,1,0,0,0,0,0,0,0,1,"- ","- ",38.329151153564453,-120.74775695800781,AMADOR,UNINCORPORATED,-120.74779510498047,38.329132080078125
90827500,2018,2018-10-03,9295,2018-09-24,1100,014579,,1,1,9,0300,0,3,5,,2,004,"SHAKE RIDGE ROAD","CAD-CLARA RD",2112.00,E,N,A,-,N,,,,,,,,,,N,2,0,1,2,A,-,03,22350,,N,C,G,A,A,H,-,A,D,0,,Y,,,Y,,A,01,1,0,0,0,0,0,1,0,0,"- ","- ",38.487140655517578,-120.59407043457031,AMADOR,UNINCORPORATED,-120.59462738037109,38.487064361572266
91593106,2021,2021-10-11,9295,2021-09-17,1405,016799,,5,2,9,0300,0,3,5,,2,001,"SHENANDOAH SCHOOL RD","VOTAW ROAD",0.00,,Y,A,-,N,,,,,,,,,,Y,2,0,1,1,A,-,01,23152,A,N,F,A,A,A,H,-,A,D,0,,,,,Y,Y,A,07,1,0,0,0,0,0,0,0,0,"- ","- ",38.497440338134766,-120.80890655517578,AMADOR,UNINCORPORATED,-120.80888366699219,38.497383117675781
91889523,2022,2022-10-13,9295,2022-10-06,1425,016881,,4,2,9,0300,0,1,3,,1,053,SR-88,"MEADOWMONT DRIVE",336.00,E,N,A,-,Y,AMA,,88,,,33.743,H,,R,Y,2,0,1,1,A,-,08,22107,,N,E,I,A,A,H,-,A,D,0,,,,,Y,,D,22,1,0,0,0,0,0,0,0,0,"- ","- ",38.463970184326172,-120.52818298339844,AMADOR,UNINCORPORATED,-120.52816772460938,38.463970184326172
92113282,2023,2023-07-10,9295,2023-06-28,2108,019079,,3,2,9,0300,0,2,4,,1,044,"RIDGE RD","HAMRICKS GRADE",1123.00,E,N,A,-,N,,,,,,,,,,Y,2,0,2,2,A,-,01,23152,A,N,A,C,A,A,H,-,D,D,0,,,,,Y,Y,A,01,1,1,0,0,0,0,0,0,0,"- ","- ",38.397998809814453,-120.74108123779297,AMADOR,UNINCORPORATED,-120.74954223632812,38.401107788085938
91496485,2021,2021-06-14,9295,2021-06-10,2045,019387,,4,2,9,0300,0,3,5,,2,005,"BELDEN MINE ROAD","BLACK PRINCE ROAD",1000.00,W,N,A,-,N,,,,,,,,,,N,2,0,1,1,A,-,01,23152,A,N,F,A,A,A,H,-,D,D,0,,,Y,,Y,Y,C,02,1,0,0,0,0,0,0,0,1,"- ","- ",38.438789367675781,-120.51911926269531,AMADOR,UNINCORPORATED,-120.52207183837891,38.438884735107422
91594181,2021,2021-10-12,9295,2021-09-30,1500,014943,,4,2,9,0300,0,3,5,,2,003,"CAMANCHE PKY N","CHINA GULCH RD",3168.00,W,N,A,-,N,,,,,,,,,,Y,2,0,1,1,A,-,03,22350,,N,F,A,A,A,H,-,A,A,0,,,Y,,Y,,C,02,1,0,0,0,0,0,0,0,1,"- ","- ",38.256649017333984,-120.89134216308594,AMADOR,UNINCORPORATED,-120.90839385986328,38.251003265380859
91626433,2021,2021-11-16,9295,2021-11-11,1945,019389,,4,2,9,0300,0,3,5,,2,004,"CLIMAX RD","CHASE RD",480.00,W,N,B,-,N,,,,,,,,,,Y,2,0,1,1,A,-,05,21650,,N,E,I,A,B,H,-,D,D,0,,,,,Y,,D,22,1,0,0,0,0,0,0,0,0,"- ","- ",38.405208587646484,-120.69773101806641,AMADOR,UNINCORPORATED,-120.69771575927734,38.405143737792969
90097682,2016,2016-01-19,9295,2016-01-10,1330,014579,,7,1,9,0300,0,3,5,,2,003,"CAMANCHE PKY N","BUENA VISTA RD",2640.00,W,N,A,-,N,,,,,,,,,,Y,2,0,1,1,A,-,05,21650,,N,F,A,A,A,H,-,A,D,0,,,Y,,Y,,C,02,1,0,0,0,0,0,0,0,1,"- ","- ",38.256700000000002,-120.89066,AMADOR,UNINCORPORATED,-120.88721869,38.255529150000001
90032261,2015,2015-10-19,9295,2015-10-07,1605,015691,,3,2,9,0300,0,1,3,,1,049,SR-49,"AMADOR CREEK BRIDGE",512.00,S,N,A,-,Y,,,49,,,,,,,Y,1,2,2,3,C,-,18,,,N,B,C,A,A,H,-,A,D,0,,,,,Y,,-,"- ",1,1,0,0,0,0,0,0,0,"- ","- ",38.415790000000001,-120.8398,AMADOR,UNINCORPORATED,-120.83979451,38.415797220000002
94753542,2025,2025-07-08,9295,2025-06-29,1030,021793,,7,1,9,0300,0,1,3,,1,064,SR-88,"OMO RANCH RD",176.00,E,N,A,-,Y,AMA,,88," "," ",41.323,H,,R,N,2,0,1,1,A,-,08,22107,,N,E,8,A,A,H,-,A,D,0,,,Y,,Y,,C,02,1,0,0,0,0,0,0,0,1,"- ","- ",38.528881072998047,-120.43978881835938,AMADOR,UNINCORPORATED,-120.43978881835938,38.528881072998047
6942838,2015,2015-06-29,9295,2015-05-30,1350,19003,,6,1,9,0300,0,3,5,,2,003,"JACKSON VALLEY RD","BUENA VISTA RD",0.00,,Y,A,-,N,,,,,,,,,,Y,2,0,3,2,A,-,12,22450,A,N,D,C,A,A,H,-,A,A,0,,,Y,,Y,,C,02,2,0,1,0,0,0,0,0,1,"- ","- ",38.294420000000002,-120.9135,AMADOR,UNINCORPORATED,-120.91343992,38.294399919999996
92406973,2024,2024-06-05,9295,2024-04-19,1805,022881,,5,2,9,0300,0,1,3,,1,053,SR-88,"SILVER DR",528.00,W,N,B,-,Y,AMA,,88," "," ",32.551,H,,R,Y,1,1,3,2,A,-,05,21460,A,N,A,C,A,A,H,-,A,D,0,,,,,Y,,A,07,2,0,1,0,0,0,0,0,0,"- ","- ",38.450401306152344,-120.527587890625,AMADOR,UNINCORPORATED,-120.52753448486328,38.450405120849609
90259104,2016,2016-09-01,9295,2016-08-14,0405,019229,,7,3,9,0300,0,3,5,,2,003,"CAMANCHE PKY N","COAL MINE RD",1584.00,W,N,A,-,N,,,,,,,,,,Y,1,1,0,1,A,-,08,22107,,N,F,A,A,A,H,-,D,D,0,,,,,Y,Y,A,01,0,0,0,0,0,0,0,0,0,"- ","- ",38.1526,-120.55337,AMADOR,UNINCORPORATED,-120.92452831999999,38.257657289999997
90731969,2018,2018-05-23,9295,2018-05-21,1905,018776,,1,2,9,0300,0,1,3,,1,031,"SR-88 W/B","BUENA VISTA RD",1156.00,E,N,A,-,Y,,,88,,,,,,W,Y,2,0,2,1,A,-,01,23152,A,N,E,I,A,A,H,-,A,D,0,,,,,Y,Y,A,01,1,0,1,0,0,0,0,0,0,"- ","- ",38.323551177978516,-120.92269897460938,AMADOR,UNINCORPORATED,-120.92269134521484,38.323501586914062
91159941,2019,2020-01-06,9295,2019-12-26,1640,019158,,4,2,9,0300,0,3,5,,2,003,"BUENA VISTA ROAD","COAL MINE ROAD",0.00,,Y,A,-,N,,,,,,,,,,Y,2,0,2,2,A,-,01,23152,A,N,D,C,A,A,H,-,A,A,0,,,,,Y,Y,A,01,1,0,1,0,0,0,0,0,0,"- ","- ",38.2872314453125,-120.91159057617188,AMADOR,UNINCORPORATED,-120.91158294677734,38.287189483642578
91249045,2020,2020-06-08,9295,2020-06-02,1130,014943,,2,1,9,0300,0,1,3,,1,053,SR-88,"TABEAUD RD",528.00,E,N,A,-,Y,,,88,,,,,,,Y,2,0,3,2,A,-,05,21460,A,N,B,C,A,A,H,-,A,D,0,,,,,Y,,A,07,1,1,1,0,0,0,0,0,0,"- ","- ",38.405250549316406,-120.64328765869141,AMADOR,UNINCORPORATED,-120.64328002929688,38.405292510986328
90847488,2018,2018-10-29,9295,2018-10-21,1225,016881,,7,1,9,0300,0,3,5,,2,001,"LATROBE ROAD","OLD SACRAMENTO ROAD",650.00,S,N,A,-,N,,,,,,,,,,Y,2,0,1,1,A,-,08,22107,,N,E,I,A,A,H,-,A,D,0,,,Y,,Y,,C,02,1,0,0,0,0,0,0,0,1,"- ","- ",38.479091644287109,-120.93119049072266,AMADOR,UNINCORPORATED,-120.93119049072266,38.479194641113281
94624875,2025,2025-03-24,9295,2025-03-07,2205,016994,,5,3,9,0300,0,1,3,,1,049,SR-49,"SUTTER-IONE RD",1584.00,S,N,A,-,Y,AMA,,49," ",R,8.439,H,,R,Y,2,0,3,2,A,-,01,23152,A,N,A,C,A,A,H,-,D,D,0,,,,,Y,Y,D,22,1,2,0,0,0,0,0,0,0,"- ","- ",38.395130157470703,-120.81639099121094,AMADOR,UNINCORPORATED,-120.81661224365234,38.395133972167969
8849497,2018,2019-05-23,0303,2018-08-19,1609,B7342,JKC,7,5,2,0303,0,0,0,,0,JKC,"RT 88","COURT ST",0.00,,Y,A,-,Y,AMA,10,88,-,-,14.900,I,5,W,Y,2,0,2,2,A,-,09,21801,A,N,A,C,A,A,H,-,A,A,0,,,,,Y,,A,01,2,0,0,0,0,0,0,0,0,"- ","- ",38.352828979492188,-120.76513671875,AMADOR,JACKSON,-120.76528167724609,38.352733612060547
6291256,2014,2016-01-12,9295,2014-08-17,0909,16881,,7,1,9,0300,0,3,5,,2,002,"CARBONDALE RD","LAMBERT RD",40.00,S,N,A,-,N,,,,,,,,,,Y,1,1,0,1,A,-,08,22107,,N,E,I,A,A,H,-,A,D,0,,,Y,,Y,,C,02,0,0,0,0,0,0,0,1,0,"- ","- ",38.44838,-120.98707,AMADOR,UNINCORPORATED,-121.00655055999999,38.424163120000003
90818958,2018,2018-09-21,9295,2018-09-15,1354,019003,,6,1,9,0300,0,1,3,,1,016,SR-16,"LATROBE RD",0.00,,Y,A,-,Y,,,16,,,,,,,Y,2,0,2,2,A,-,09,21802,A,N,D,C,A,A,H,-,A,A,0,,,,,Y,,A,01,1,1,0,0,0,0,0,0,0,"- ","- ",38.453178405761719,-120.91787719726562,AMADOR,UNINCORPORATED,-120.91788482666016,38.453163146972656
91037634,2019,2019-10-01,9295,2019-07-18,0800,019389,,4,1,9,0300,0,1,3,,1,016,SR-16,"OLD SACRAMENTO RD",65.00,E,N,A,-,Y,,,16,,,,,,,Y,1,1,1,2,A,-,05,21460,C,N,A,C,A,A,H,-,A,D,0,,,,,Y,,A,01,0,1,0,0,0,0,0,0,0,"- ","- ",38.4627685546875,-120.94405364990234,AMADOR,UNINCORPORATED,-120.94404602050781,38.462791442871094
91050444,2019,2019-08-12,9295,2019-07-06,2500,014943,,6,4,9,0300,0,3,5,,2,003,"CAMANCHE PARKWAY (NORTH)","CHINA GULCH RD",3168.00,W,N,A,-,N,,,,,,,,,,Y,1,1,0,1,A,-,01,23152,A,N,E,I,A,A,H,-,A,D,0,,,Y,,Y,Y,C,02,0,0,0,0,0,0,0,1,0,"- ","- ",38.256649017333984,-120.89134216308594,AMADOR,UNINCORPORATED,-120.90839385986328,38.251003265380859
6292140,2015,2015-05-15,9295,2015-02-23,2500,14579,,1,4,9,0300,0,1,3,,1,064,"RT 88","THUNDER MTN TRL",1584.00,W,N,A,-,Y,AMA,10,88,-,R,69.140,H,-,W,Y,1,1,0,1,A,-,05,21650,,N,E,I,A,A,H,-,A,D,0,,,Y,,Y,,C,02,0,0,0,0,0,0,0,1,0,"- ","- ",38.704300000000003,-120.11228,AMADOR,UNINCORPORATED,-120.11222759,38.704232830000002
91104418,2019,2019-10-23,9295,2019-09-18,0734,016245,,3,1,9,0300,0,1,3,,1,031,"STATE ROUTE 88","STATE ROUTE 104",1584.00,E,N,B,-,Y,,,88,,,,,,,Y,1,1,0,2,A,-,08,22107,,N,D,C,A,A,H,-,A,D,0,,,,Y,Y,,D,22,0,0,0,0,0,0,0,0,0,"- ","- ",38.332931518554688,-120.89916229248047,AMADOR,UNINCORPORATED,-120.89914703369141,38.332908630371094
91923101,2022,2022-11-21,9295,2022-11-13,1450,019387,,7,2,9,0300,0,3,5,,2,003,"CAMANCHE PARKWAY NORTH","QUAIL HILL COURT",708.00,E,N,A,-,N,,,,,,,,,,Y,2,0,1,3,A,-,01,23152,A,N,E,I,A,A,H,-,A,D,0,,,,,Y,Y,D,22,1,0,0,0,0,0,0,0,0,"- ","- ",38.244770050048828,-120.95143890380859,AMADOR,UNINCORPORATED,-120.95068359375,38.243038177490234
90120542,2016,2016-02-22,9295,2016-02-11,0235,018304,,4,3,9,0300,0,3,5,,2,003,"BUENA VISTA RD",SR-88,3696.00,S,N,A,-,N,,,,,,,,,,Y,2,0,1,1,A,-,01,23152,A,N,E,I,A,A,H,-,D,D,0,,,,,Y,Y,A,01,1,0,0,0,0,0,0,0,0,"- ","- ",38.313980000000001,-120.91771,AMADOR,UNINCORPORATED,-120.91835439,38.314932550000002
90364200,2016,2017-01-09,9295,2016-12-29,0620,015164,,4,1,9,0300,0,1,3,,1,053,SR-88,"AQUEDUCT RD",528.00,W,N,A,-,Y,,,88,,,,,,,Y,2,0,1,1,C,-,18,,,N,E,I,A,A,G,-,A,A,0,,,,,Y,,-,"- ",1,0,0,0,0,0,0,0,0,"- ","- ",38.404069999999997,-120.64181000000001,AMADOR,UNINCORPORATED,-120.64181791999999,38.404061720000001
90023696,2015,2015-10-19,9295,2015-09-20,0450,015136,,7,3,9,0300,0,1,3,,1,064,"SR-88 E/B","PANTHER CREEK RD",2112.00,W,N,A,-,Y,,,88,,,,,,E,Y,2,0,1,1,A,-,01,23152,A,N,E,I,A,A,H,-,D,D,0,,,,,Y,Y,D,22,1,0,0,0,0,0,0,0,0,"- ","- ",38.54466,-120.37721000000001,AMADOR,UNINCORPORATED,-120.37720865,38.544654029999997
90794814,2018,2018-08-21,9295,2018-08-14,1545,016881,,2,2,9,0300,0,1,3,,1,053,SR-88,"NOBB HILL COURT",528.00,W,N,A,-,Y,,,,,,,,,,Y,2,0,3,1,A,-,08,22107,,N,E,I,A,A,H,-,A,D,0,,,,,Y,,A,01,2,1,0,0,0,0,0,0,0,"- ","- ",38.459541320800781,-120.53645324707031,AMADOR,UNINCORPORATED,-120.53173828125,38.457637786865234
90857259,2018,2018-11-09,9295,2018-10-13,1505,014943,,6,2,9,0300,0,1,3,,1,064,SR-88,"OMO RANCH RD",16896.00,E,N,A,-,Y,,,,,,,,,,Y,1,1,0,1,A,-,05,21650,,N,F,A,A,A,H,-,A,D,0,,,Y,,Y,,C,02,0,0,0,0,0,0,0,1,0,"- ","- ",38.532508850097656,-120.4144287109375,AMADOR,UNINCORPORATED,-120.39042663574219,38.539970397949219
90995787,2019,2019-05-24,9295,2019-05-14,1520,018304,,2,2,9,0300,0,1,3,,1,016,SR-16,"OLD SACRAMENTO RD",5.00,E,N,A,-,Y,,,16,,,,,,,Y,2,0,2,2,A,-,05,21752,D,N,A,C,A,A,H,-,A,D,0,,,,,Y,Y,A,01,2,0,0,0,0,0,0,0,0,"- ","- ",38.4627685546875,-120.94422912597656,AMADOR,UNINCORPORATED,-120.94422912597656,38.462810516357422
91048203,2019,2019-08-08,9295,2019-08-05,1459,019229,,1,2,9,0300,0,1,3,,1,053,SR-88,"TABEAUD RD",511.00,W,N,A,-,Y,,,88,,,,,,,Y,2,0,1,1,A,-,05,21650,,N,E,I,A,A,H,-,A,D,0,,,,,Y,,A,07,1,0,0,0,0,0,0,0,0,"- ","- ",38.406478881835938,-120.64736938476562,AMADOR,UNINCORPORATED,-120.64744567871094,38.406379699707031
90475830,2017,2017-06-12,9295,2017-05-25,2245,019158,,4,3,9,0300,0,1,3,,1,049,SR-49,"TWO BRIDGES ROAD",70.00,N,N,A,-,Y,,,49,,,,,,,Y,2,0,1,1,A,-,05,21650,,N,F,A,A,A,H,-,D,D,0,,,Y,,Y,,C,02,1,0,0,0,0,0,0,0,1,"- ","- ",38.528210000000001,-120.84690999999999,AMADOR,UNINCORPORATED,-120.84694467,38.52820792
90230333,2016,2016-07-26,9295,2016-07-20,1920,016881,,3,2,9,0300,0,3,5,,2,006,"BEAR RIVER ROAD",SR-88,17952.00,E,N,A,-,N,,,,,,,,,,Y,2,0,1,1,A,-,05,21650,,N,E,I,A,A,H,-,A,D,0,,,,,Y,,D,22,1,0,0,0,0,0,0,0,0,"- ","- ",38.5349,-120.24250000000001,AMADOR,UNINCORPORATED,-120.24331893999999,38.535039189999999
9320236,2021,2023-06-17,0305,2021-09-18,1910,E1217,0305,6,5,1,0305,0,0,0,,0,STC,"RIDGE RD","LOCOMOTIVE LN",1056.00,E,N,A,-,N,,,,,,,,,,Y,1,1,1,1,C,-,18,,,N,F,A,A,A,H,-,A,D,0,,,,,Y,,-,"- ",1,0,0,0,0,0,0,0,0,"- ","- ",32.954948425292969,-117.241943359375,AMADOR,"SUTTER CREEK",-120.81639862060547,38.368118286132812
90565736,2017,2017-10-09,9295,2017-10-01,1225,015164,,7,1,9,0300,0,1,3,,1,064,SR-88,"SHOT ROCK VISTA",106.00,E,N,A,-,Y,,,88,,,,,,,Y,2,0,1,1,A,-,05,21650,,N,E,I,A,A,D,H,A,D,0,,,Y,,Y,,C,02,1,0,0,0,0,0,0,0,1,"- ","- ",38.625210000000003,-120.19659,AMADOR,UNINCORPORATED,-120.19660521,38.62525583
90651132,2018,2018-01-30,9295,2018-01-26,2115,019003,,5,2,9,0300,0,1,3,,1,049,SR-49,"SUTTER IONE RD",383.00,S,N,A,-,Y,,,49,,,,,,,Y,2,0,8,2,A,-,09,21804,A,N,D,C,A,A,H,-,C,D,0,,,,,Y,Y,A,07,2,2,4,0,0,0,0,0,0,"- ","- ",38.398281097412109,-120.81755828857422,AMADOR,UNINCORPORATED,-120.81753540039062,38.398300170898438
91844905,2022,2022-08-22,9295,2022-07-23,0148,017296,,6,3,9,0300,0,1,3,,2,055,SR-26,"ROCKY LANE",53.30,E,N,A,-,Y,AMA,,26,,,3.949,H,,R,Y,2,0,1,1,A,-,01,23152,A,N,E,I,A,A,H,-,D,D,0,,,,,Y,Y,A,01,1,0,0,0,0,0,0,0,0,"- ","- ",38.418521881103516,-120.59902954101562,AMADOR,UNINCORPORATED,-120.59902954101562,38.418502807617188
6291257,2014,2016-01-14,9295,2014-08-19,1748,14408,,2,2,9,0300,0,2,4,,1,043,"RIDGE RD","RIDGE FRONTAGE RD",1003.00,W,N,A,-,N,,,,,,,,,,Y,1,1,0,2,A,-,09,21801,A,N,D,C,A,A,H,-,A,D,0,,,Y,,Y,Y,A,01,0,0,0,0,0,0,0,1,0,"- ","- ",38.233800000000002,-120.45440000000001,AMADOR,UNINCORPORATED,-120.80243,38.378410000000002
91002119,2019,2019-06-03,9295,2019-05-23,0851,014943,,4,1,9,0300,0,1,3,,1,049,SR-49,"MIDDLE BAR RD",2640.00,S,N,A,-,Y,,,49,,,,,,,Y,2,0,3,2,A,-,05,21460,A,N,A,C,A,A,H,-,A,D,0,,,,,Y,,A,01,2,1,0,0,0,0,0,0,0,"- ","- ",38.321998596191406,-120.72711181640625,AMADOR,UNINCORPORATED,-120.72711181640625,38.321979522705078
92141229,2023,2023-08-28,9295,2023-05-21,1215,019003,,7,1,9,0300,0,1,3,,1,016,SR-16,"LONG GATE RD",5280.00,W,N,A,-,Y,AMA,,16," ",R,2.187,H,,R,Y,1,1,1,2,A,-,06,21751,,N,A,C,A,A,H,-,A,D,0,,,,Y,Y,,G,26,0,1,0,0,0,0,0,0,0,"- ","- ",38.475360870361328,-120.98789978027344,AMADOR,UNINCORPORATED,-120.98796081542969,38.475303649902344
92169451,2023,2023-09-13,9295,2023-07-04,1137,019079,,2,1,9,0300,0,1,3,,1,013,SR-49,"BELL ROAD",3696.00,S,N,A,-,Y,AMA,,49," "," ",20.539,H,,R,Y,1,1,0,1,A,-,08,22107,,N,E,8,A,A,H,-,A,D,0,,,,,Y,,A,07,0,0,0,0,0,0,0,0,0,"- ","- ",38.528789520263672,-120.84700012207031,AMADOR,UNINCORPORATED,-120.84709167480469,38.528770446777344
94359872,2024,2024-08-19,9295,2024-08-07,2055,016994,,3,2,9,0300,0,1,3,,2,020,"SR-88 TO SR-104",SR-88,181.00,N,N,A,-,Y,AMA,,104," ",R,8.161,H,,R,Y,2,0,1,1,A,-,01,23152,A,N,E,I,A,A,H,-,C,D,0,,,Y,,Y,Y,C,02,1,0,0,0,0,0,0,0,1,"- ","- ",38.330699920654297,-120.906982421875,AMADOR,UNINCORPORATED,-120.90723419189453,38.330635070800781
9549645,2023,2023-03-23,0305,2023-01-29,1430,B0922,0305,7,5,1,0305,0,0,0,,0,STC,"RT 49","VALLEY VIEW WY",0.00,,Y,B,C,Y,AMA,10,49,-,R,7.298,I,5,S,N,2,0,3,3,A,-,12,21453,A,N,D,D,A,B,H,-,A,A,0,,,,,Y,,A,01,3,0,0,0,0,0,0,0,0,"- ","- ",38.381771087646484,-120.80596160888672,AMADOR,"SUTTER CREEK",-120.80593109130859,38.3818359375