CASE_ID,ACCIDENT_YEAR,PROC_DATE,JURIS,COLLISION_DATE,COLLISION_TIME,OFFICER_ID,REPORTING_DISTRICT,DAY_OF_WEEK,CHP_SHIFT,POPULATION,CNTY_CITY_LOC,SPECIAL_COND,BEAT_TYPE,CHP_BEAT_TYPE,CITY_DIVISION_LAPD,CHP_BEAT_CLASS,BEAT_NUMBER,PRIMARY_RD,SECONDARY_RD,DISTANCE,DIRECTION,INTERSECTION,WEATHER_1,WEATHER_2,STATE_HWY_IND,CALTRANS_COUNTY,CALTRANS_DISTRICT,STATE_ROUTE,ROUTE_SUFFIX,POSTMILE_PREFIX,POSTMILE,LOCATION_TYPE,RAMP_INTERSECTION,SIDE_OF_HWY,TOW_AWAY,COLLISION_SEVERITY,NUMBER_KILLED,NUMBER_INJURED,PARTY_COUNT,PRIMARY_COLL_FACTOR,PCF_CODE_OF_VIOL,PCF_VIOL_CATEGORY,PCF_VIOLATION,PCF_VIOL_SUBSECTION,HIT_AND_RUN,TYPE_OF_COLLISION,MVIW,PED_ACTION,ROAD_SURFACE,ROAD_COND_1,ROAD_COND_2,LIGHTING,CONTROL_DEVICE,CHP_ROAD_TYPE,PEDESTRIAN_ACCIDENT,BICYCLE_ACCIDENT,MOTORCYCLE_ACCIDENT,TRUCK_ACCIDENT,NOT_PRIVATE_PROPERTY,ALCOHOL_INVOLVED,STWD_VEHTYPE_AT_FAULT,CHP_VEHTYPE_AT_FAULT,COUNT_SEVERE_INJ,COUNT_VISIBLE_INJ,COUNT_COMPLAINT_PAIN,COUNT_PED_KILLED,COUNT_PED_INJURED,COUNT_BICYCLIST_KILLED,COUNT_BICYCLIST_INJURED,COUNT_MC_KILLED,COUNT_MC_INJURED,PRIMARY_RAMP,SECONDARY_RAMP,LATITUDE,LONGITUDE,COUNTY,CITY,POINT_X,POINT_Y
91321761,2020,2020-10-12,9295,2020-10-03,0650,016881,,6,1,9,0300,0,1,3,,1,064,SR-88,"ELLIS ROAD",9504.00,W,N,A,-,Y,,,88,,,,,,,Y,2,0,1,1,A,-,08,22107,,N,E,I,A,A,H,-,A,D,0,,,,,Y,,I,11,1,0,0,0,0,0,0,0,0,"- ","- ",38.545501708984375,-120.33753204345703,AMADOR,UNINCORPORATED,-120.3375244140625,38.545459747314453
91371171,2020,2020-12-18,9295,2020-11-04,2315,016994,,3,3,9,0300,0,1,3,,1,031,SR-88,"SUNSET DR",15840.00,W,N,A,-,Y,,,88,,,,,,,Y,1,2,0,2,A,-,01,23152,F,N,A,C,A,A,H,-,D,D,0,,,,,Y,,A,01,0,0,0,0,0,0,0,0,0,"- ","- ",38.353370666503906,-120.83381652832031,AMADOR,UNINCORPORATED,-120.83378601074219,38.353302001953125
90543238,2017,2017-09-07,9295,2017-09-02,2128,019229,,6,2,9,0300,0,2,4,,1,045,"RIDGE RD","SURREY JUNCTION LN",478.00,W,N,A,-,N,,,,,,,,,,Y,2,0,1,1,A,-,01,23152,A,N,E,I,A,A,H,-,D,D,0,,,,,Y,Y,A,01,1,0,0,0,0,0,0,0,0,"- ","- ",38.406500000000001,-120.71276,AMADOR,UNINCORPORATED,-120.71333663,38.406095579999999
8845596,2019,2019-05-02,0305,2019-04-06,1519,B4886,0305,6,5,1,0305,0,0,0,,0,STC,"RIDGE RD","PROSPECT DR",0.00,,Y,A,-,N,,,,,,,,,,Y,2,0,2,2,A,-,08,22107,,N,D,D,A,A,H,-,A,D,0,,,,,Y,,D,22,1,0,1,0,0,0,0,0,0,"- ","- ",38.376541137695312,-120.80518341064453,AMADOR,"SUTTER CREEK",-120.80493199999999,38.376702000000002
90182948,2016,2016-05-19,9295,2016-05-06,0500,018304,,5,3,9,0300,0,3,5,,2,001,"FIDDLETOWN RD","PONDEROSA WAY",9504.00,E,N,C,-,N,,,,,,,,,,Y,2,0,1,1,A,-,01,23152,A,N,E,I,A,B,H,-,D,D,0,,,,,Y,Y,D,22,1,0,0,0,0,0,0,0,0,"- ","- ",38.498820000000002,-120.6242,AMADOR,UNINCORPORATED,-120.61793941000001,38.499613719999999
91995010,2023,2023-02-15,9295,2023-02-01,2000,016881,,3,2,9,0300,0,1,3,,1,042,SR-88,"TOYON ROAD",1584.00,W,N,A,-,Y,AMA,,88," "," ",21.088,H,,R,Y,2,0,2,1,A,-,01,23152,A,N,E,I,A,A,H,-,D,D,0,,,,,Y,Y,D,22,2,0,0,0,0,0,0,0,0,"- ","- ",38.392490386962891,-120.67697143554688,AMADOR,UNINCORPORATED,-120.67704772949219,38.392436981201172
91150226,2019,2019-12-23,9295,2019-12-15,1725,019284,,7,2,9,0300,0,1,3,,1,064,SR-88,"ELLIS RD",528.00,E,N,A,-,Y,,,88,,,,,,,Y,2,0,1,1,A,-,03,22350,,N,F,A,A,C,H,-,D,D,0,,,,,Y,,D,22,1,0,0,0,0,0,0,0,0,"- ","- ",38.548988342285156,-120.30343627929688,AMADOR,UNINCORPORATED,-120.30343627929688,38.548984527587891
6328064,2014,2014-06-02,9295,2014-01-04,1515,014680,,6,2,9,0300,0,3,5,,2,005,"PARKWOOD DR","FAIRWAY DR",528.00,W,N,A,-,N,,,,,,,,,,N,2,0,1,1,A,-,21,22106,,N,E,I,A,A,H,-,A,D,0,,,,,Y,,A,07,1,0,0,0,0,0,0,0,0,"- ","- ",38.456440000000001,-120.53608,AMADOR,UNINCORPORATED,-120.53809,38.455779999999997
8386966,2017,2018-03-24,0303,2017-05-13,1703,B7342,JKC,6,5,2,0303,0,0,0,,0,,"RT 88","CENTER ST",88.00,W,N,A,-,Y,AMA,10,88,-,-,14.450,H,-,E,Y,2,0,1,2,A,-,08,22107,,N,B,C,A,A,H,-,A,A,0,,,Y,,Y,,A,01,1,0,0,0,0,0,0,0,1,"- ","- ",38.352829999999997,-120.76514,AMADOR,JACKSON,-120.77139771,38.348747459999998
91038052,2019,2019-07-25,9295,2019-05-11,2312,016994,,6,3,9,0300,0,3,5,,2,003,SR-88,"BUENA VISTA RD",2112.00,W,N,A,-,Y,,,88,,,,,,,Y,2,0,2,3,A,-,09,21801,A,N,B,C,A,A,H,-,D,D,0,,,,,Y,,D,22,1,1,0,0,0,0,0,0,0,"- ","- ",38.321510314941406,-120.93328857421875,AMADOR,UNINCORPORATED,-120.93328857421875,38.321514129638672
90879456,2018,2018-12-10,9295,2018-11-29,1443,014943,,4,2,9,0300,0,1,3,,1,031,SR-88,"BLUE SKY DR",1320.00,E,N,C,-,Y,,,88,,,,,,,Y,2,0,3,2,A,-,03,22350,,N,A,C,A,B,H,-,A,D,0,,,,,Y,,D,22,2,1,0,0,0,0,0,0,0,"- ","- ",38.346729278564453,-120.85343933105469,AMADOR,UNINCORPORATED,-120.85348510742188,38.346885681152344
91158091,2019,2020-01-02,9295,2019-12-21,1830,015330,,6,2,9,0300,0,3,5,,2,003,"VILLAGE DRIVE","GOOSE CREEK CT",72.00,S,N,A,-,N,,,,,,,,,,Y,2,0,1,1,A,-,08,22107,,N,E,I,A,A,H,-,D,D,0,,,,,Y,,A,01,1,0,0,0,0,0,0,0,0,"- ","- ",38.271888732910156,-120.98921966552734,AMADOR,UNINCORPORATED,-120.98926544189453,38.271854400634766
91562358,2021,2021-09-03,9295,2021-08-20,1615,016994,,5,2,9,0300,0,3,5,,2,002,"CARBONDALE RD","IRISH HILL RD",256.00,W,N,B,-,N,,,,,,,,,,N,2,0,1,1,A,-,01,23152,A,N,E,I,A,A,H,-,A,D,0,,,,,Y,Y,D,22,1,0,0,0,0,0,0,0,0,"- ","- ",38.446578979492188,-120.95578765869141,AMADOR,UNINCORPORATED,-120.95553588867188,38.446464538574219
8939521,2019,2021-06-02,0305,2019-12-10,1009,B4886,0305,2,5,1,0305,0,0,0,,0,STC,"GOPHER FLAT RD","WERNER RD",190.00,E,N,A,-,N,,,,,,,,,,Y,1,1,0,1,A,-,08,22107,,N,E,I,A,A,H,-,A,D,0,,,,,Y,,D,22,0,0,0,0,0,0,0,0,0,"- ","- ",38.397418975830078,-120.79972076416016,AMADOR,"SUTTER CREEK",-120.79917907714844,38.397693634033203
9296890,2021,2021-09-21,0303,2021-06-06,1134,D1590,,7,5,2,0303,0,0,0,,0,JKC,"RT 49","DETERT PARK",0.00,,Y,A,-,Y,AMA,10,88,-,-,4.690,H,-,W,Y,2,0,1,2,A,-,09,21804,A,N,D,C,A,A,H,-,A,D,0,,,Y,,Y,,D,22,1,0,0,0,0,0,0,0,1,"- ","- ",38.35491943359375,-120.77792358398438,AMADOR,JACKSON,-120.94969940185547,38.312412261962891
90314518,2016,2016-11-08,9295,2016-10-27,1737,014680,,4,2,9,0300,0,1,3,,1,031,SR-88,"SR-104 (RIDGE ROAD)",196.00,W,N,B,-,Y,,,88,,,,,,,Y,2,0,3,2,A,-,03,22350,,N,A,C,A,B,H,-,A,A,0,,,,,Y,,D,22,1,0,2,0,0,0,0,0,0,"- ","- ",38.359560000000002,-120.82186,AMADOR,UNINCORPORATED,-120.82184942000001,38.359520590000002
90507016,2017,2017-07-24,9295,2017-07-21,2125,019158,,5,2,9,0300,0,1,3,,1,053,SR-88,"DEW DROP DR",10560.00,E,N,A,-,Y,,,88,,,,,,,Y,2,0,2,2,A,-,05,21460,A,N,A,C,A,A,H,-,D,D,0,,,,,Y,,A,01,1,1,0,0,0,0,0,0,0,"- ","- ",38.514719999999997,-120.46814000000001,AMADOR,UNINCORPORATED,-120.46813079,38.514746959999997
92001685,2022,2023-02-23,9295,2022-09-24,1215,019158,,6,1,9,0300,0,3,5,,2,003,"CAMANCHE PARKWAY N","SAN JOAQUIN COUNTY LINE",1576.00,S,N,A,-,N,,,,,,,,,,Y,1,1,0,1,A,-,05,21650,,N,F,A,A,A,H,-,A,D,0,,,Y,,Y,,C,02,0,0,0,0,0,0,0,1,0,"- ","- ",38.244491577148438,-120.99974822998047,AMADOR,UNINCORPORATED,,
6512088,2014,2016-04-11,9295,2014-05-29,1127,014680,,4,1,9,0300,0,1,3,,1,053,"RT 88","MARILYN LN",400.00,W,N,A,-,Y,AMA,10,88,-,-,27.570,H,-,E,Y,2,0,2,1,A,-,03,22350,,N,E,I,A,A,H,-,A,A,0,,,,,Y,,A,01,1,1,0,0,0,0,0,0,0,"- ","- ",38.420490000000001,-120.60059,AMADOR,UNINCORPORATED,-120.6007109,38.420474599999999
6854726,2015,2015-07-22,9295,2015-06-17,0920,13708,,3,1,9,0300,0,1,3,,1,053,"RT 88","LUCKE LN",348.00,E,N,A,-,Y,AMA,10,88,-,-,30.050,H,-,W,Y,1,1,0,2,A,-,05,21460,A,N,A,C,A,A,H,-,A,D,0,,,Y,Y,Y,,C,02,0,0,0,0,0,0,0,1,0,"- ","- ",38.433160000000001,-120.56309,AMADOR,UNINCORPORATED,-120.56179204999999,38.433700430000002
90655174,2018,2018-02-05,9295,2018-02-03,1620,019158,,6,2,9,0300,0,3,5,,2,003,"CAMANCHE PKY N","LAKEVIEW DR",3960.00,N,N,A,-,N,,,,,,,,,,Y,2,0,1,1,A,-,05,21650,,N,F,A,A,A,H,-,A,D,0,,,Y,,Y,,C,02,1,0,0,0,0,0,0,0,1,"- ","- ",38.243301391601562,-120.97490692138672,AMADOR,UNINCORPORATED,-120.95114898681641,38.242435455322266
91242880,2020,2020-05-27,9295,2020-05-23,1155,016245,,6,1,9,0300,0,1,3,,1,013,SR-49,"BELL RD.",3960.00,S,N,A,-,Y,,,49,,,,,,,Y,2,0,2,1,A,-,08,22107,,N,E,I,A,A,H,-,A,D,0,,,Y,,Y,,C,02,1,1,0,0,0,0,0,0,2,"- ","- ",38.5281982421875,-120.84690856933594,AMADOR,UNINCORPORATED,-120.84694671630859,38.5281982421875
91467251,2021,2021-05-06,9295,2021-02-28,2500,016245,,7,4,9,0300,0,1,3,,2,024,SR-124,SR-16,6336.00,S,N,A,-,Y,,,124,,,,,,,Y,1,1,0,1,A,-,01,23152,A,N,F,A,A,A,H,-,D,D,0,,,,,Y,Y,A,01,0,0,0,0,0,0,0,0,0,"- ","- ",38.437419891357422,-120.87743377685547,AMADOR,UNINCORPORATED,-120.87737274169922,38.437408447265625
90426435,2017,2017-04-03,9295,2017-03-25,1245,017776,,6,1,9,0300,0,2,4,,2,012,"SHENANDOAH ROAD","OSTROM ROAD",3168.00,E,N,B,-,N,,,,,,,,,,Y,2,0,1,2,A,-,03,22350,,N,C,C,A,A,H,-,A,D,0,,,Y,,Y,,C,02,1,0,0,0,0,0,0,0,1,"- ","- ",38.532939999999996,-120.75447,AMADOR,UNINCORPORATED,-120.75494885000001,38.532972170000001
90894788,2018,2018-12-31,9295,2018-12-23,1425,019003,,7,2,9,0300,0,1,3,,1,042,SR-88,"SUGAR LOAF RD",400.00,W,N,B,-,Y,,,88,,,,,,,Y,2,0,1,1,C,-,18,,,N,H,H,A,A,H,-,A,D,0,,,Y,,Y,Y,-,"- ",1,0,0,0,0,0,0,0,1,"- ","- ",38.386409759521484,-120.68074035644531,AMADOR,UNINCORPORATED,-120.68072509765625,38.386383056640625
92377741,2024,2024-04-29,9295,2024-04-19,2225,018304,,5,3,9,0300,0,1,3,,1,013,SR-49,"BELL RD (SOUTH)",5280.00,S,N,A,-,Y,AMA,,49," "," ",20.188,H,,R,Y,2,0,1,1,A,-,08,22107,,N,E,8,A,A,H,-,D,D,0,,,,,Y,,A,01,1,0,0,0,0,0,0,0,0,"- ","- ",38.523830413818359,-120.84736633300781,AMADOR,UNINCORPORATED,-120.84740447998047,38.523830413818359
94565184,2024,2025-04-09,9295,2024-12-09,1220,019003,,1,1,9,0300,0,1,3,,1,042,SR-88,"TOYON RD",675.00,W,N,A,-,Y,AMA,,88," "," ",21.260,H,,R,Y,1,1,4,4,A,-,03,22350,,N,C,C,A,A,D,-,A,A,0,,,,,Y,,D,22,0,0,4,0,0,0,0,0,0,"- ","- ",38.394618988037109,-120.67835235595703,AMADOR,UNINCORPORATED,-120.67833709716797,38.394618988037109
9467812,2023,2024-09-20,0305,2023-11-21,1921,B0922,0305,2,5,1,0305,0,0,0,,0,STC,"RT 49","RIDGE RD",435.00,N,N,A,-,Y,AMA,10,49,-,R,7.060,H,-,N,N,2,0,1,2,A,-,08,22107,,N,D,C,A,A,H,-,D,D,0,,,,,Y,,A,08,1,0,0,0,0,0,0,0,0,"- ","- ",38.379371643066406,-120.80220794677734,AMADOR,"SUTTER CREEK",-120.80276489257812,38.379550933837891
92014227,2023,2023-03-09,9295,2023-02-27,2500,019389,,1,4,9,0300,0,3,5,,2,004,"CLINTON RD","CIPRIANO RD",230.00,W,N,C,-,N,,,,,,,,,,Y,2,0,1,1,A,-,01,23152,A,N,E,8,A,B,H,-,D,A,0,,,,,Y,Y,D,22,1,0,0,0,0,0,0,0,0,"- ","- ",38.354030609130859,-120.72737121582031,AMADOR,UNINCORPORATED,-120.72724914550781,38.353893280029297
92393917,2024,2024-05-20,9295,2024-04-28,1020,019284,,7,1,9,0300,0,1,3,,1,049,SR-49,"SUTTER IONE RD",1901.00,S,N,A,-,Y,AMA,,49," ",R,8.314,H,,R,Y,2,0,1,1,A,-,08,22107,,N,F,A,A,A,H,-,A,D,0,,,,,Y,,A,07,1,0,0,0,0,0,0,0,0,"- ","- ",38.393348693847656,-120.81620025634766,AMADOR,UNINCORPORATED,-120.81632232666016,38.393333435058594
94718114,2025,2025-06-09,9295,2025-05-13,1725,019284,,2,2,9,0300,0,1,3,,1,064,SR-88,"MEHRTEN SPRING ROAD",440.00,E,N,D,-,Y,AMA,,88," "," ",50.273,H,,R,Y,1,1,1,2,A,-,03,22350,,N,D,C,A,C,H,-,A,D,0,,,,Y,Y,,A,07,1,0,0,0,0,0,0,0,0,"- ","- ",38.553028106689453,-120.29891967773438,AMADOR,UNINCORPORATED,-120.29887390136719,38.553024291992188
6624341,2014,2016-04-28,9295,2014-09-11,0950,014579,,4,1,9,0300,0,1,3,,1,053,"RT 88","COLUMBIA DR",420.00,E,N,A,-,Y,AMA,10,88,-,-,33.260,H,-,W,Y,2,0,1,1,A,-,05,21650,,N,E,I,A,A,H,-,A,D,0,,,,Y,Y,,G,25,1,0,0,0,0,0,0,0,0,"- ","- ",38.459139999999998,-120.53095999999999,AMADOR,UNINCORPORATED,-120.53029675000001,38.459497749999997
6696500,2014,2014-12-30,9295,2014-10-26,1104,015164,,7,1,9,0300,0,1,3,,1,064,"RT 88","MORMON EMIGRANT TRL",1056.00,E,N,A,-,Y,,,,,,,,,,Y,2,0,1,1,C,-,18,,,N,E,I,A,C,-,-,A,D,0,,,Y,,Y,,-,"- ",1,0,0,0,0,0,0,0,1,"- ","- ",,,AMADOR,UNINCORPORATED,-120.2052458,38.627342110000001
9127165,2020,2021-02-22,0302,2020-02-25,0029,R0846,IOC,2,5,2,0302,0,0,0,,0,IOC,"PRESTON AV","CRAIG ST",1056.00,S,N,A,-,Y,AMA,10,104,-,R,5.650,H,-,E,Y,2,0,1,2,A,-,08,22107,,N,D,C,A,A,H,-,C,-,0,,,,,Y,,A,01,1,0,0,0,0,0,0,0,0,"- ","- ",38.357830047607422,-120.9390869140625,AMADOR,IONE,-120.93702697753906,38.355712890625
90221672,2016,2016-07-13,9295,2016-06-27,0219,015691,,1,3,9,0300,0,1,3,,1,049,SR-49,SR-16,2900.00,S,N,A,-,Y,,,49,,,,,,,Y,1,1,0,1,A,-,05,21650,,N,E,I,A,A,H,-,D,D,0,,,,,Y,,A,07,0,0,0,0,0,0,0,0,0,"- ","- ",38.447749999999999,-120.86246,AMADOR,UNINCORPORATED,-120.86242212000001,38.447791160000001
90394216,2017,2017-02-15,9295,2017-02-07,2020,018776,,2,2,9,0300,0,1,3,,2,020,"SR-104 S/B","FOOTHILL DR",1500.00,S,N,B,-,Y,,,,,,,,,,Y,2,0,1,1,A,-,08,22107,,N,F,A,A,B,H,-,D,D,0,,,,,Y,,A,07,1,0,0,0,0,0,0,0,0,"- ","- ",38.346069999999997,-120.92243000000001,AMADOR,UNINCORPORATED,-120.92414158,38.348272489999999
91291388,2020,2020-08-24,9295,2020-08-20,0135,015691,,4,3,9,0300,0,3,5,,2,003,"N. CAMANCHE PARKWAY","COAL MINE ROAD",4600.00,E,N,A,-,N,,,,,,,,,,Y,2,0,1,1,A,-,05,21650,,N,E,I,A,A,H,-,D,D,0,,,,,Y,,A,01,1,0,0,0,0,0,0,0,0,"- ","- ",38.251018524169922,-120.90875244140625,AMADOR,UNINCORPORATED,-120.908935546875,38.251174926757812
6346346,2014,2015-11-25,9295,2014-01-17,1035,019003,,5,1,9,0300,0,1,3,,1,042,"RT 88","MOLOFINO RD",100.00,E,N,A,-,Y,AMA,10,88,-,-,19.620,H,-,W,Y,2,0,1,1,A,-,"- ",,,N,E,I,A,A,H,-,A,D,0,,,,,Y,,A,01,1,0,0,0,0,0,0,0,0,"- ","- ",38.382860000000001,-120.69328,AMADOR,UNINCORPORATED,-120.69334714999999,38.382631979999999
94360706,2024,2024-08-19,9295,2024-08-14,2125,022458,,3,2,9,0300,0,3,5,,2,003,"JACKSON VALLEY RD","BUENA VISTA RD",1584.00,E,N,A,-,N,,,,,,,,,,N,2,0,1,2,A,-,05,21460,A,F,E,I,A,A,H,-,D,D,0,,,Y,,Y,,-,99,1,0,0,0,0,0,0,0,1,"- ","- ",38.294689178466797,-120.90850067138672,AMADOR,UNINCORPORATED,-120.90802001953125,38.29486083984375
7151902,2015,2017-02-02,0302,2015-10-30,0903,A1519,IOC,5,5,2,0302,0,0,0,,0,IOC,"RT 104","4501 RT 104",0.00,,Y,A,-,Y,AMA,10,104,-,-,5.060,H,-,E,Y,2,0,2,4,A,-,00,22340,,N,C,C,A,A,H,-,A,D,0,,,,,Y,,A,07,2,0,0,0,0,0,0,0,0,"- ","- ",38.36309,-120.94354,AMADOR,IONE,-120.94417382,38.363361429999998
90706057,2018,2018-04-16,9295,2018-04-08,1235,016881,,7,1,9,0300,0,3,5,,2,004,"NEW YORK RANCH ROAD","TRENT WAY",528.00,S,N,A,-,N,,,,,,,,,,Y,2,0,1,1,A,-,08,22107,,N,E,I,A,A,B,-,A,D,0,,,Y,,Y,,C,02,1,0,0,0,0,0,0,0,1,"- ","- ",38.397331237792969,-120.73336029052734,AMADOR,UNINCORPORATED,-120.73246765136719,38.398578643798828
91766933,2022,2022-05-09,9295,2022-01-18,1745,019158,,2,2,9,0300,0,1,3,,2,020,SR-104,"IONE MICHIGAN BAR RD",2000.00,W,N,A,-,Y,AMA,,104,,,2.006,H,,R,Y,1,1,1,3,A,-,01,23152,A,N,A,C,A,A,H,-,D,D,0,,,,,Y,Y,A,01,1,0,0,0,0,0,0,0,0,"- ","- ",38.381568908691406,-120.99247741699219,AMADOR,UNINCORPORATED,-120.99248504638672,38.381565093994141
94810912,2025,2025-08-20,9295,2025-06-08,"955 ",019158,,7,1,9,0300,0,1,3,,1,053,SR-88,"INSPIRATION DR  EAST",20.00,W,N,A,-,Y,AMA,,88," "," ",35.999,H,,R,Y,1,1,0,1,A,-,08,22107,,N,E,8,A,A,H,-,A,D,0,,,,,Y,,A,01,0,0,0,0,0,0,0,0,0,"- ","- ",38.491950988769531,-120.51172637939453,AMADOR,UNINCORPORATED,-120.51169586181641,38.491905212402344
91305332,2020,2020-09-15,9295,2020-07-29,2055,016994,,3,2,9,0300,0,1,3,,1,031,SR-88,"BUENA VISTA RD",528.00,W,N,A,-,Y,,,88,,,,,,,Y,2,0,3,3,A,-,03,22350,,N,D,C,E,A,H,-,D,D,0,Y,,,,Y,,A,07,1,2,0,0,1,0,0,0,0,"- ","- ",38.322799682617188,-120.92668151855469,AMADOR,UNINCORPORATED,-120.92666625976562,38.322704315185547
91798234,2022,2022-06-20,9295,2022-06-10,2154,020459,,5,2,9,0300,0,3,5,,2,003,"COALMINE ROAD","BUENA VISTA ROAD",361.00,S,N,A,-,N,,,,,,,,,,Y,2,0,2,2,A,-,01,23152,A,N,C,D,A,A,H,-,D,D,0,,,Y,,Y,Y,C,02,1,1,0,0,0,0,0,0,2,"- ","- ",38.286109924316406,-120.91177368164062,AMADOR,UNINCORPORATED,-120.91172790527344,38.286209106445312
90931881,2019,2019-02-22,9295,2019-02-16,1300,019389,,6,1,9,0300,0,2,4,,2,012,"SHENANDOAH RD","DICKSON RD",740.00,W,N,B,-,N,,,,,,,,,,Y,2,0,1,1,A,-,08,22107,,N,E,I,A,B,H,-,A,D,0,,,,,Y,,D,22,1,0,0,0,0,0,0,0,0,"- ","- ",38.519298553466797,-120.82138061523438,AMADOR,UNINCORPORATED,-120.82143402099609,38.519248962402344
91018959,2019,2019-06-27,9295,2019-06-21,1338,014408,,5,1,9,0300,0,3,5,,2,003,"BUENA VISTA  RD","COAL  MINE RD",6864.00,S,N,A,-,N,,,,,,,,,,Y,2,0,1,2,A,-,09,21804,A,N,D,C,A,A,H,-,A,D,0,,,Y,,Y,,C,02,1,0,0,0,0,0,0,0,1,"- ","- ",38.278091430664062,-120.8909912109375,AMADOR,UNINCORPORATED,-120.89098358154297,38.278125762939453
91755695,2022,2022-04-25,9295,2022-04-22,1825,019229,,5,2,9,0300,0,3,5,,2,004,"NEW CHICAGO ROAD",SR-49,4224.00,E,N,A,-,N,,,,,,,,,,N,2,0,1,1,A,-,05,21650,,N,F,A,A,A,H,-,A,D,0,,,Y,,Y,,C,02,1,0,0,0,0,0,0,0,1,"- ","- ",39.437908172607422,-120.84176635742188,AMADOR,UNINCORPORATED,-120.85308837890625,38.439891815185547
90238388,2016,2016-08-05,9295,2016-05-17,1105,014943,,2,1,9,0300,0,1,3,,1,049,SR-49,"VAIRA RANCH RD",1192.00,S,N,A,-,Y,,,49,,,,,,,Y,1,2,1,2,A,-,05,21460,A,N,A,C,A,A,H,-,A,D,0,,,,,Y,,D,22,0,1,0,0,0,0,0,0,0,"- ","- ",38.432130000000001,-120.85254,AMADOR,UNINCORPORATED,-120.85249338,38.432147739999998
90736200,2018,2018-05-29,9295,2018-05-26,1245,018736,,6,1,9,0300,0,3,5,,2,004,"SHAKE RIDGE RD","MORNING STAR LN",2904.00,E,N,A,-,N,,,,,,,,,,N,2,0,1,1,A,-,05,21650,,N,F,A,A,A,H,-,A,D,0,,Y,,,Y,,L,04,1,0,0,0,0,0,1,0,0,"- ","- ",38.423118591308594,-120.76719665527344,AMADOR,UNINCORPORATED,-120.77378082275391,38.410526275634766
91078824,2019,2019-09-19,9295,2019-08-06,0930,019158,,2,1,9,0300,0,1,3,,1,053,SR-88,"SALT SPRINGS RD",127.00,W,N,A,-,Y,,,88,,,,,,,Y,1,1,0,1,A,-,01,23152,G,N,E,I,A,A,H,-,A,D,0,,,,,Y,Y,D,22,0,0,0,0,0,0,0,0,0,"- ","- ",38.481510162353516,-120.52021789550781,AMADOR,UNINCORPORATED,-120.52033233642578,38.481597900390625
90783303,2018,2018-08-02,9295,2018-07-28,0720,014182,,6,1,9,0300,0,1,3,,1,053,"STATE ROUTE 88","COLUMBIA DR",528.00,E,N,A,-,Y,,,88,,,,,,,Y,2,0,1,1,A,-,05,21650,,N,F,A,A,A,H,-,A,A,0,,,Y,,Y,,C,02,1,0,0,0,0,0,0,0,1,"- ","- ",38.459529876708984,-120.53016662597656,AMADOR,UNINCORPORATED,-120.53016662597656,38.459518432617188
91293286,2020,2020-08-26,9295,2020-07-23,1405,015691,,4,2,9,0300,0,3,5,,2,001,"LATROBE RD","EL DORADO COUNTY LINE",4224.00,S,N,A,-,N,,,,,,,,,,Y,1,4,0,1,A,-,08,22107,,N,E,I,A,A,H,-,A,D,0,,,,,Y,Y,A,01,0,0,0,0,0,0,0,0,0,"- ","- ",38.512680053710938,-120.95034027099609,AMADOR,UNINCORPORATED,-120.95025634765625,38.512714385986328
91742268,2022,2022-04-06,9295,2022-04-03,1350,016245,,7,1,9,0300,0,3,5,,2,002,"SUTTER IONE RD",SR-49,7392.00,W,N,A,-,N,,,,,,,,,,N,2,0,1,1,A,-,03,22350,,M,F,A,A,A,H,-,A,D,0,,,Y,,Y,,C,02,1,0,0,0,0,0,0,0,1,"- ","- ",38.399848937988281,-120.84361267089844,AMADOR,UNINCORPORATED,-120.8433837890625,38.399871826171875
9211681,2020,2021-03-11,0303,2020-10-13,1602,X8255,,2,5,2,0303,0,0,0,,0,JKC,"RT 49/88","SUTTER ST",1004.00,N,N,A,-,Y,AMA,10,49,-,-,4.750,H,-,N,Y,1,1,1,2,A,-,09,21804,A,N,D,C,A,A,H,-,A,A,0,,,,,Y,,A,01,1,0,0,0,0,0,0,0,0,"- ","- ",38.3560791015625,-120.7802734375,AMADOR,JACKSON,-120.77971649169922,38.355247497558594
90194828,2016,2016-06-06,9295,2016-05-23,2154,014408,,1,2,9,0300,0,3,5,,2,004,"CLINTON ROAD","BUTTE MOUNTAIN RD (WEST)",300.00,E,N,A,-,N,,,,,,,,,,Y,2,0,1,1,A,-,03,22350,,N,F,A,A,A,H,-,D,A,0,,,Y,,Y,,C,02,1,0,0,0,0,0,0,0,1,"- ","- ",38.346600000000002,-120.75722,AMADOR,UNINCORPORATED,-120.75734,38.34572
90848518,2018,2018-10-30,9295,2018-10-15,1255,015164,,1,1,9,0300,0,1,3,,1,042,SR-88,"PREVITALI ROAD",10.00,E,N,A,-,Y,,,88,,,,,,,Y,2,0,2,2,A,-,03,22350,,N,D,C,A,A,H,-,A,D,0,,,,,Y,,E,22,1,1,0,0,0,0,0,0,0,"- ","- ",38.366268157958984,-120.71778869628906,AMADOR,UNINCORPORATED,-120.71776580810547,38.366241455078125