CASE_ID,ACCIDENT_YEAR,PROC_DATE,JURIS,COLLISION_DATE,COLLISION_TIME,OFFICER_ID,REPORTING_DISTRICT,DAY_OF_WEEK,CHP_SHIFT,POPULATION,CNTY_CITY_LOC,SPECIAL_COND,BEAT_TYPE,CHP_BEAT_TYPE,CITY_DIVISION_LAPD,CHP_BEAT_CLASS,BEAT_NUMBER,PRIMARY_RD,SECONDARY_RD,DISTANCE,DIRECTION,INTERSECTION,WEATHER_1,WEATHER_2,STATE_HWY_IND,CALTRANS_COUNTY,CALTRANS_DISTRICT,STATE_ROUTE,ROUTE_SUFFIX,POSTMILE_PREFIX,POSTMILE,LOCATION_TYPE,RAMP_INTERSECTION,SIDE_OF_HWY,TOW_AWAY,COLLISION_SEVERITY,NUMBER_KILLED,NUMBER_INJURED,PARTY_COUNT,PRIMARY_COLL_FACTOR,PCF_CODE_OF_VIOL,PCF_VIOL_CATEGORY,PCF_VIOLATION,PCF_VIOL_SUBSECTION,HIT_AND_RUN,TYPE_OF_COLLISION,MVIW,PED_ACTION,ROAD_SURFACE,ROAD_COND_1,ROAD_COND_2,LIGHTING,CONTROL_DEVICE,CHP_ROAD_TYPE,PEDESTRIAN_ACCIDENT,BICYCLE_ACCIDENT,MOTORCYCLE_ACCIDENT,TRUCK_ACCIDENT,NOT_PRIVATE_PROPERTY,ALCOHOL_INVOLVED,STWD_VEHTYPE_AT_FAULT,CHP_VEHTYPE_AT_FAULT,COUNT_SEVERE_INJ,COUNT_VISIBLE_INJ,COUNT_COMPLAINT_PAIN,COUNT_PED_KILLED,COUNT_PED_INJURED,COUNT_BICYCLIST_KILLED,COUNT_BICYCLIST_INJURED,COUNT_MC_KILLED,COUNT_MC_INJURED,PRIMARY_RAMP,SECONDARY_RAMP,LATITUDE,LONGITUDE,COUNTY,CITY,POINT_X,POINT_Y
91927190,2022,2023-06-05,9295,2022-11-17,1650,019229,,4,2,9,0300,0,1,3,,1,049,SR-49,SR-16,230.00,S,N,A,-,N,,,,,,,,,,Y,1,1,0,1,A,-,05,21650,,N,E,I,A,A,H,-,D,D,0,,,Y,,Y,,C,02,0,0,0,0,0,0,0,1,0,"- ","- ",38.454288482666016,-120.8673095703125,AMADOR,UNINCORPORATED,-120.86736297607422,38.454235076904297
91685083,2021,2022-01-26,9295,2021-10-07,0027,019387,,4,3,9,0300,0,1,3,,2,055,SR-49,"ARGONAUT LANE",205.00,S,N,A,-,Y,,,49,,,,,,,Y,1,1,0,1,A,-,01,23152,A,N,E,I,A,A,H,-,D,D,0,,,,,Y,Y,A,01,0,0,0,0,0,0,0,0,0,"- ","- ",38.365768432617188,-120.78861999511719,AMADOR,UNINCORPORATED,-120.78862762451172,38.365684509277344
91870034,2022,2022-09-21,9295,2022-09-11,1955,018684,,7,2,9,0300,0,1,3,,1,053,SR-88,"MARILYN LN",700.00,E,N,A,-,Y,AMA,,88,,,27.792,H,,R,N,2,0,1,1,A,-,08,22107,,N,F,A,A,A,H,-,D,D,0,,,Y,,Y,,C,02,1,0,0,0,0,0,0,0,1,"- ","- ",38.423229217529297,-120.59889221191406,AMADOR,UNINCORPORATED,-120.59885406494141,38.423213958740234
90080439,2015,2015-12-22,9295,2015-12-06,1815,019229,,7,2,9,0300,0,3,5,,2,001,"SHENANDOAH SCHOOL RD","SHENANDOAH CROSS ROAD",3168.00,N,N,A,-,N,,,,,,,,,,Y,1,1,0,1,A,-,05,21650,,N,E,I,A,A,H,-,D,D,0,,,Y,,Y,,C,02,0,0,0,0,0,0,0,1,0,"- ","- ",38.518709999999999,-120.79938,AMADOR,UNINCORPORATED,-120.82613468,38.504339219999999
90571006,2017,2017-10-16,9295,2017-10-05,1342,014182,,4,1,9,0300,0,1,3,,1,053,"STATE ROUTE 88","ANTELOPE ROAD",5.00,E,N,A,-,Y,,,88,,,,,,,Y,2,0,1,1,A,-,03,22350,,N,E,I,A,A,D,-,A,A,0,,,,Y,Y,,G,25,1,0,0,0,0,0,0,0,0,"- ","- ",38.461689999999997,-120.52754,AMADOR,UNINCORPORATED,-120.52764315,38.461657789999997
8688991,2017,2018-09-13,0302,2017-08-11,1110,C9844,IOC,5,5,2,0302,0,0,0,,0,,"W MAIN ST","S CHURCH ST",0.00,,Y,A,-,Y,AMA,10,104,-,R,5.960,I,5,W,N,2,0,1,2,A,-,10,21950,A,N,G,B,B,A,H,-,A,D,0,Y,,,,Y,,D,22,1,0,0,0,1,0,0,0,0,"- ","- ",38.352499999999999,-120.93347,AMADOR,IONE,-120.9334631,38.35271616
92172443,2023,2023-09-18,9295,2023-09-10,1305,019158,,7,1,9,0300,0,3,5,,2,001,"SHENANDOAH RD","OSTROM RD",2640.00,E,N,A,-,Y,,,,,,,,,,N,2,0,1,1,A,-,08,22107,,N,F,A,A,A,H,-,A,D,0,,,Y,,Y,,C,02,1,0,0,0,0,0,0,0,1,"- ","- ",38.533809661865234,-120.75817108154297,AMADOR,UNINCORPORATED,-120.75662231445312,38.53350830078125
8152209,2016,2017-05-08,0305,2016-10-08,1053,B4886,0305,6,5,1,0305,0,0,0,,0,STC,"RIDGE RD","RT 49",275.00,W,N,A,-,Y,AMA,10,104,-,-,10.020,H,-,E,N,2,0,2,2,A,-,09,21804,A,N,D,C,A,A,H,-,A,D,0,,,Y,,Y,,A,01,1,1,0,0,0,0,0,0,2,"- ","- ",38.378430000000002,-120.80240999999999,AMADOR,"SUTTER CREEK",-120.80311451999999,38.377932919999999
90749964,2018,2018-06-18,9295,2018-06-08,1325,018736,,5,1,9,0300,0,1,3,,1,064,SR-88,8N37,0.00,,Y,A,-,Y,,,88,,,,,,,Y,2,0,1,1,A,-,05,21650,,N,E,I,A,A,H,-,A,D,0,,,Y,,Y,,C,02,1,0,0,0,0,0,0,0,1,"- ","- ",38.547248840332031,-120.35703277587891,AMADOR,UNINCORPORATED,-120.35700225830078,38.547149658203125
91405531,2021,2021-02-09,9295,2021-01-01,0240,019389,,5,3,9,0300,0,1,3,,1,053,SR-88,"HINTON RD",280.00,E,N,A,-,Y,,,88,,,,,,,Y,1,1,0,1,A,-,01,23152,G,N,E,I,A,A,H,-,D,D,0,,,,,Y,Y,A,01,0,0,0,0,0,0,0,0,0,"- ","- ",38.432891845703125,-120.56519317626953,AMADOR,UNINCORPORATED,-120.56519317626953,38.432914733886719
90080474,2015,2015-12-22,9295,2015-12-14,1130,014579,,1,1,9,0300,0,1,3,,1,053,SR-88,"SILVER DRIVE",528.00,W,N,A,-,Y,,,88,,,,,,,Y,2,0,1,1,A,-,05,21650,,N,E,I,A,C,H,-,A,A,0,,,,,Y,,D,22,1,0,0,0,0,0,0,0,0,"- ","- ",38.449170000000002,-120.52793,AMADOR,UNINCORPORATED,-120.52787272,38.449123059999998
90493040,2017,2017-07-03,9295,2017-06-23,1635,016881,,5,2,9,0300,0,3,5,,2,005,"PIONEER VOLCANO ROAD",SR-88,14256.00,N,N,A,-,N,,,,,,,,,,Y,2,0,3,2,A,-,01,23152,A,N,A,C,A,A,H,-,A,D,0,,,,,Y,Y,A,01,1,2,0,0,0,0,0,0,0,"- ","- ",38.415500000000002,-120.61319,AMADOR,UNINCORPORATED,-120.63120782,38.441444869999998
90265569,2016,2016-09-12,9295,2016-08-22,1905,018684,,1,2,9,0300,0,2,4,,1,045,"RIDGE RD","ARDEN CT",500.00,W,N,A,-,N,,,,,,,,,,Y,1,1,0,1,A,-,08,22107,,N,F,A,A,A,H,-,A,D,0,,,,,Y,,D,22,0,0,0,0,0,0,0,0,0,"- ","- ",38.413670000000003,-121.70079,AMADOR,UNINCORPORATED,-120.70078224,38.41368748
91643765,2021,2021-12-06,9295,2021-04-15,2251,016661,,4,3,9,0300,0,1,3,,1,031,"SR-88 E/B","JACKSON VALLEY RD",2482.00,E,N,A,-,Y,,,88,,,,,,E,Y,2,0,1,1,A,-,01,23152,A,N,F,I,A,A,H,-,D,D,0,,,,,Y,Y,A,07,1,0,0,0,0,0,0,0,0,"- ","- ",38.332851409912109,-120.89920806884766,AMADOR,UNINCORPORATED,-120.89921569824219,38.332855224609375
91097805,2019,2019-10-15,9295,2019-10-05,1300,016245,,6,1,9,0300,0,3,5,,2,005,"PIONEER VOLCANO RD.",SR-88,1320.00,N,N,A,-,N,,,,,,,,,,Y,2,0,2,1,A,-,03,22350,,N,F,A,A,A,H,-,A,D,0,,,,,Y,,D,22,2,0,0,0,0,0,0,0,0,"- ","- ",38.415679931640625,-120.61335754394531,AMADOR,UNINCORPORATED,-120.61298370361328,38.415374755859375
90904744,2019,2019-01-15,9295,2019-01-07,1145,016540,,1,1,9,0300,0,1,3,,2,024,SR-124,"DRY CREEK",130.00,N,N,B,-,Y,,,124,,,,,,,Y,2,0,1,1,A,-,08,22107,,N,E,I,A,A,H,-,A,D,0,,,,,Y,,D,22,1,0,0,0,0,0,0,0,0,"- ","- ",38.430389404296875,-120.87670135498047,AMADOR,UNINCORPORATED,-120.87673950195312,38.430385589599609
91027101,2019,2019-07-09,9295,2019-05-03,1240,014943,,5,1,9,0300,0,1,3,,1,064,SR-88,"BEAR RIVER RD",3696.00,E,N,B,-,Y,,,88,,,,,,,Y,1,1,0,1,A,-,01,23152,G,N,E,I,A,A,H,-,A,D,0,,,,,Y,Y,A,01,0,0,0,0,0,0,0,0,0,"- ","- ",38.560890197753906,-120.26747894287109,AMADOR,UNINCORPORATED,-120.26747131347656,38.560939788818359
8911948,2020,2022-04-22,0305,2020-07-24,1433,M5116,0305,5,5,1,0305,0,0,0,,0,STC,"RIDGE RD","BOWERS RD",0.00,,Y,A,-,Y,AMA,10,104,-,-,9.887,I,5,W,Y,1,1,1,2,A,-,09,21802,A,N,D,D,A,A,H,-,A,A,0,,,Y,,Y,,C,02,0,1,0,0,0,0,0,1,0,"- ","- ",38.376541137695312,-120.80518341064453,AMADOR,"SUTTER CREEK",-120.80491638183594,38.376705169677734
90265525,2016,2016-09-12,9295,2016-09-04,0047,019158,,7,3,9,0300,0,3,5,,2,001,"FIDDLETOWN RD","QUARTZ MOUNTAIN RD  N",5280.00,W,N,A,-,Y,,,,,,,,,,Y,2,0,1,1,A,-,01,23152,A,N,F,A,A,A,H,-,D,D,0,,,,,Y,Y,A,01,1,0,0,0,0,0,0,0,0,"- ","- ",38.508980000000001,-120.77558999999999,AMADOR,UNINCORPORATED,-120.78041168,38.506942119999998
90490519,2017,2017-06-29,9295,2017-06-28,0145,018502,,3,3,9,0300,0,3,5,,2,001,"LATROBE RD","LORENTZ RD",2500.00,N,N,A,-,N,,,,,,,,,,Y,2,0,2,1,A,-,03,22350,,N,H,H,A,A,H,-,D,D,0,,,,,Y,,A,01,1,1,0,0,0,0,0,0,0,"- ","- ",38.499749999999999,-120.94103,AMADOR,UNINCORPORATED,-120.94146250999999,38.500330009999999
91689166,2022,2022-01-31,9295,2022-01-19,2138,017296,,3,2,9,0300,0,3,5,,2,001,"SHENNANDOAH RD","OSTROM RD",6864.00,N,N,A,-,N,,,,,,,,,,N,2,0,1,1,A,-,01,23152,A,N,E,I,A,A,H,-,D,D,0,,,,,Y,Y,D,22,1,0,0,0,0,0,0,0,0,"- ","- ",38.538841247558594,-120.74745941162109,AMADOR,UNINCORPORATED,-120.74756622314453,38.538822174072266
91887828,2022,2022-10-11,9295,2022-10-04,1702,016994,,2,2,9,0300,0,3,5,,2,002,"LATROBE RD","LORENTZ RD",3168.00,N,N,A,-,N,,,,,,,,,,Y,2,0,2,1,A,-,08,22107,,N,E,I,A,A,H,-,A,A,0,,,,,Y,,A,01,1,1,0,0,0,0,0,0,0,"- ","- ",38.502670288085938,-120.94280242919922,AMADOR,UNINCORPORATED,-120.94252777099609,38.501956939697266
94570276,2025,2025-02-07,9295,2025-01-25,1415,021793,,6,2,9,0300,0,3,5,,2,005,"SHAKE RIDGE RD","PONDEROSA HILLS RD",150.00,E,N,B,-,N,,,,,,,,,,Y,2,0,1,1,A,-,01,23152,A,N,E,I,A,A,H,-,A,D,0,,,,,Y,Y,A,01,1,0,0,0,0,0,0,0,0,"- ","- ",38.477268218994141,-120.62638854980469,AMADOR,UNINCORPORATED,-120.62644195556641,38.477130889892578
91910036,2022,2022-11-04,9295,2022-10-30,1030,019158,,7,1,9,0300,0,3,5,,2,003,"CURRAN ROAD","CAMANCHE ROAD",1147.00,W,N,A,-,N,,,,,,,,,,Y,2,0,1,1,A,-,05,21650,,N,E,I,A,A,H,-,A,D,0,,,Y,,Y,,C,02,1,0,0,0,0,0,0,0,1,"- ","- ",38.280780792236328,-120.94300079345703,AMADOR,UNINCORPORATED,-120.94319915771484,38.280830383300781
92382427,2024,2025-06-16,9295,2024-04-21,1110,019284,,7,1,9,0300,0,3,5,,2,004,"SUTTER CREEK RD","BLACKWELL ROAD",3379.00,E,N,A,-,N,,,,,,,,,,Y,2,0,2,2,A,-,05,21460,A,N,B,C,A,A,H,-,A,D,0,,,,,Y,,A,01,2,0,0,0,0,0,0,0,0,"- ","- ",38.41162109375,-120.73586273193359,AMADOR,UNINCORPORATED,-120.73646545410156,38.411167144775391
6835023,2015,2016-09-16,9295,2015-02-21,1310,015164,,6,1,9,0300,0,1,3,,2,055,"RT 26","DEER LN",0.00,,Y,A,-,Y,AMA,10,26,-,-,3.750,H,-,E,Y,2,0,1,1,A,-,05,21650,,N,E,I,A,A,H,-,A,D,0,,,Y,,Y,Y,C,02,1,0,0,0,0,0,0,0,1,"- ","- ",38.417259999999999,-120.59613,AMADOR,UNINCORPORATED,-120.59602666000001,38.417020170000001
90863263,2018,2018-11-19,9295,2018-11-15,1630,014943,,4,2,9,0300,0,1,3,,1,031,SR-88,SR-104,0.00,,Y,A,-,Y,,,88,,,,,,,Y,2,0,3,2,A,-,09,21802,A,N,D,C,A,A,H,-,A,A,0,,,,,Y,,A,01,1,0,2,0,0,0,0,0,0,"- ","- ",38.329959869384766,-120.90621948242188,AMADOR,UNINCORPORATED,-120.90629577636719,38.330268859863281
92231006,2023,2023-11-08,9295,2023-11-01,2307,016994,,3,3,9,0300,0,1,3,,1,053,SR-88,"MACE DRIVE",281.00,E,N,A,-,Y,AMA,,88," "," ",33.925,H,,R,Y,2,0,1,1,A,-,01,23152,A,N,E,I,A,A,H,-,D,A,0,,,,,Y,Y,A,01,1,0,0,0,0,0,0,0,0,"- ","- ",38.466400146484375,-120.5272216796875,AMADOR,UNINCORPORATED,-120.52725219726562,38.466403961181641
90032097,2015,2015-10-19,9295,2015-10-11,2309,014408,,7,3,9,0300,0,3,5,,2,005,"TIGER CREEK RD","MCKENZIE DR",2112.00,S,N,A,-,N,,,,,,,,,,Y,2,0,1,1,A,-,01,23152,A,N,F,A,A,A,B,D,D,D,0,,,,,Y,Y,D,22,1,0,0,0,0,0,0,0,0,"- ","- ",38.444270000000003,-120.50852,AMADOR,UNINCORPORATED,-120.50956988999999,38.441855160000003
91026988,2019,2019-07-09,9295,2019-06-25,1105,014943,,2,1,9,0300,0,1,3,,1,049,SR-49,SR-16,3168.00,S,N,A,-,Y,,,49,,,,,,,Y,1,1,0,1,A,-,08,22107,,N,F,A,A,A,H,-,A,D,0,,,,,Y,,A,01,0,0,0,0,0,0,0,0,0,"- ","- ",38.449138641357422,-120.86244964599609,AMADOR,UNINCORPORATED,-120.86312103271484,38.448657989501953
6923228,2015,2015-10-08,0303,2015-08-10,0020,9398,JKC,1,5,2,0303,0,0,0,,0,JKC,"N COURT ST FR","COURT ST",13.00,E,N,A,-,N,,,,,,,,,,N,2,0,1,2,A,-,11,21954,A,N,B,B,E,A,E,G,C,D,0,Y,,,,Y,Y,-,,1,0,0,0,1,0,0,0,0,"- ","- ",38.352620000000002,-120.76944,AMADOR,JACKSON,-120.76930582999999,38.35248816
91905267,2022,2022-10-31,9295,2022-10-23,1515,016881,,7,2,9,0300,0,3,5,,2,004,"PREVITALI ROAD",SR-88,1056.00,S,N,A,-,N,,,,,,,,,,Y,2,0,1,1,A,-,01,23152,A,N,F,A,A,A,H,-,A,D,0,,,Y,,Y,Y,C,02,1,0,0,0,0,0,0,0,1,"- ","- ",38.362880706787109,-120.71205902099609,AMADOR,UNINCORPORATED,-120.71436309814453,38.365390777587891
92147777,2023,2023-08-18,9295,2023-08-03,1705,019003,,4,2,9,0300,0,2,4,,2,012,"SHENANDOAH RD","STEINER RD",0.00,,Y,A,-,N,,,,,,,,,,Y,2,0,1,2,A,-,09,21801,A,N,D,C,A,A,H,-,A,D,0,,,Y,,Y,Y,A,07,1,0,0,0,0,0,0,0,1,"- ","- ",38.530910491943359,-120.80316162109375,AMADOR,UNINCORPORATED,-120.80305480957031,38.530872344970703
92334953,2024,2024-03-11,9295,2024-03-03,1928,019408,,7,2,9,0300,0,3,5,,2,003,"KENNEDY FLAT RD","ARGONAUT LN",575.00,W,N,C,-,N,,,,,,,,,,N,2,0,1,2,A,-,11,21954,A,N,G,B,E,B,H,-,D,D,0,Y,,,,Y,,N,60,1,0,0,0,1,0,0,0,0,"- ","- ",38.364921569824219,-120.79106140136719,AMADOR,UNINCORPORATED,-120.791015625,38.364894866943359
6291258,2014,2014-10-17,9295,2014-08-25,2500,13204,,1,4,9,0300,0,3,5,,2,004,"ELECTRA RD","RT 49",5808.00,E,N,A,-,N,,,,,,,,,,Y,1,1,0,1,A,-,05,21650,,N,F,A,A,A,H,-,A,D,0,,,,,Y,,A,08,0,0,0,0,0,0,0,0,0,"- ","- ",38.317100000000003,-120.70262,AMADOR,UNINCORPORATED,-120.70225447999999,38.317369229999997
90601920,2017,2017-11-27,9295,2017-11-25,1045,018736,,6,1,9,0300,0,1,3,,1,013,SR-49,"HIGHWAY VIEW WAY",3168.00,S,N,A,-,Y,,,49,,,,,,,Y,2,0,2,1,A,-,08,22107,,N,F,I,A,A,H,-,A,D,0,,,,,Y,,A,01,1,1,0,0,0,0,0,0,0,"- ","- ",38.51455,-120.84875,AMADOR,UNINCORPORATED,-120.8487099,38.514544739999998
91300852,2020,2020-09-08,9295,2020-08-29,0225,019389,,6,3,9,0300,0,3,5,,2,001,"LATROBE RD","LORENTZ RD",4224.00,N,N,A,-,N,,,,,,,,,,Y,2,0,2,1,A,-,01,23152,A,N,E,I,A,A,H,-,A,D,0,,,,,Y,Y,D,22,1,1,0,0,0,0,0,0,0,"- ","- ",38.505470275878906,-120.94391632080078,AMADOR,UNINCORPORATED,-120.94379425048828,38.504669189453125
91072333,2019,2019-09-11,9295,2019-09-05,1535,019389,,4,2,9,0300,0,1,3,,1,064,SR-88,"CAT CREEK RD",4224.00,E,N,A,-,Y,,,88,,,,,,,Y,2,0,2,1,A,-,05,21650,,N,E,I,A,A,H,-,A,D,0,,,Y,,Y,,C,02,2,0,0,0,0,0,0,0,2,"- ","- ",38.546298980712891,-120.35282897949219,AMADOR,UNINCORPORATED,-120.35285186767578,38.546241760253906
91601517,2021,2021-10-20,9295,2021-10-13,0250,016994,,3,3,9,0300,0,3,5,,2,004,"SUTTER CREEK VOLCANO RD","PINE GULCH RD",4752.00,E,N,B,-,N,,,,,,,,,,Y,2,0,2,1,A,-,01,23152,A,N,E,I,A,A,H,-,D,D,0,,,,,Y,Y,A,01,1,1,0,0,0,0,0,0,0,"- ","- ",38.408210754394531,-120.75070190429688,AMADOR,UNINCORPORATED,-120.75112152099609,38.407958984375
94582720,2025,2025-02-18,9295,2025-02-08,2005,016994,,6,2,9,0300,0,2,4,,1,045,"RIDGE RD","CLIMAX RD",97.00,E,N,A,-,N,,,,,,,,,,Y,2,0,1,1,A,-,01,23152,A,N,E,I,A,A,H,-,C,A,0,,,Y,,Y,Y,C,02,1,0,0,0,0,0,0,0,1,"- ","- ",38.404811859130859,-120.7169189453125,AMADOR,UNINCORPORATED,-120.71698760986328,38.404510498046875
91396069,2020,2021-01-28,9295,2020-11-13,1505,019284,,5,2,9,0300,0,1,3,,1,049,SR-49,SR-16,1690.00,S,N,B,C,Y,,,49,,,,,,,Y,1,2,3,2,A,-,08,22107,,N,D,C,A,B,H,-,A,D,0,,,,,Y,,A,07,1,2,0,0,0,0,0,0,0,"- ","- ",38.450801849365234,-120.86461639404297,AMADOR,UNINCORPORATED,-120.8646240234375,38.450798034667969
90447299,2017,2017-05-02,9295,2017-03-19,2345,019003,,7,3,9,0300,0,1,3,,1,049,SR-49,"ELECTRA RD",3696.00,N,N,A,-,Y,,,49,,,,,,,Y,1,1,1,1,A,-,01,23152,A,N,E,I,A,A,H,-,D,D,0,,,,,Y,Y,A,07,1,0,0,0,0,0,0,0,0,"- ","- ",38.321950000000001,-120.72648,AMADOR,UNINCORPORATED,-120.72654412999999,38.321811179999997
91608710,2021,2021-10-28,9295,2021-10-18,0155,016994,,1,3,9,0300,0,1,3,,1,031,SR-88,"JACKSON VALLEY RD (LOWER)",0.00,,Y,C,-,Y,,,88,,,,,,,Y,2,0,2,2,A,-,09,21801,A,N,D,C,A,B,H,-,C,A,0,,,,,Y,,A,07,1,1,0,0,0,0,0,0,0,"- ","- ",38.308681488037109,-120.97054290771484,AMADOR,UNINCORPORATED,-120.97052001953125,38.308525085449219
91473906,2021,2021-05-27,9295,2021-05-08,1210,019158,,6,1,9,0300,0,1,3,,1,049,SR-49,SR-16,2640.00,S,N,A,-,Y,,,49,,,,,,,Y,2,0,1,1,A,-,05,21650,,N,F,A,A,A,H,-,A,D,0,,,Y,,Y,,C,02,1,0,0,0,0,0,0,0,1,"- ","- ",38.451000213623047,-120.86480712890625,AMADOR,UNINCORPORATED,-120.86473846435547,38.451030731201172
5912074,2014,2014-02-05,9295,2014-01-02,1639,19003,,4,2,9,0300,0,1,3,,1,064,"RT 88","TRAGEDY SPRINGS RD",4224.00,W,N,A,-,Y,AMA,10,88,-,R,61.930,H,-,W,Y,1,1,0,1,A,-,05,21650,,N,E,I,A,A,H,-,B,D,0,,,,,Y,,A,07,0,0,0,0,0,0,0,0,0,"- ","- ",38.632599999999996,-120.16201,AMADOR,UNINCORPORATED,-120.16056973000001,38.632611699999998
6290164,2014,2015-12-21,9295,2014-01-24,1326,19229,,5,1,9,0300,0,2,4,,1,044,"RIDGE RD","RIDGEVIEW DR",1056.00,W,N,A,-,N,,,,,,,,,,Y,1,1,3,2,A,-,05,21460,A,N,A,C,A,A,H,-,A,D,0,,,,,Y,,A,01,1,0,2,0,0,0,0,0,0,"- ","- ",38.398000000000003,-120.74059,AMADOR,UNINCORPORATED,-120.74068045999999,38.398021239999998
6292343,2015,2015-07-09,0303,2015-03-01,1540,B7342,,7,5,2,0303,0,0,0,,0,JKC,"RT 49","MARCUCCI LN",0.00,,Y,A,-,Y,AMA,10,49,-,-,3.890,I,5,S,N,1,1,0,2,A,-,10,21950,A,N,G,B,B,A,H,-,A,A,0,Y,,,,Y,,D,22,0,0,0,1,0,0,0,0,0,"- ","- ",,,AMADOR,JACKSON,-120.77126901,38.345626090000003
6380707,2014,2015-11-25,9295,2014-02-15,1332,015164,,6,1,9,0300,0,1,3,,1,053,"RT 88","MACE DR",528.00,E,N,B,-,Y,AMA,10,88,-,-,33.960,H,-,E,Y,2,0,1,1,C,-,18,,,N,E,I,A,A,H,-,A,D,0,,,,,Y,,-,"- ",1,0,0,0,0,0,0,0,0,"- ","- ",38.467359999999999,-120.52723,AMADOR,UNINCORPORATED,-120.52725157,38.46688554
6382847,2014,2014-06-20,9295,2014-02-06,0821,015164,,4,1,9,0300,0,3,5,,2,003,"JACKSON VALLEY RD","RT 88",2112.00,S,N,B,C,N,,,,,,,,,,Y,2,0,1,1,C,-,18,,,N,F,I,A,B,H,-,A,D,0,,,,,Y,,-,"- ",1,0,0,0,0,0,0,0,0,"- ","- ",38.323399999999999,-120.90663000000001,AMADOR,UNINCORPORATED,-120.96451834,38.305481319999998
6400200,2014,2014-12-22,9295,2014-02-20,1440,016363,,4,2,9,0300,0,1,3,,1,042,"RIDGE RD","RUNNING GOLD RD",30.00,W,N,A,-,N,,,,,,,,,,Y,1,1,1,2,A,-,03,22350,,N,C,C,A,A,H,-,A,D,0,,,,,Y,,A,07,0,0,1,0,0,0,0,0,0,"- ","- ",38.387149999999998,-120.77679999999999,AMADOR,UNINCORPORATED,-120.77640473,38.387334989999999
6402069,2014,2015-11-25,9295,2014-03-07,1655,14680,,5,2,9,0300,1,1,3,,1,042,"RT 88","SUGAR LOAF RD",48.00,W,N,A,-,Y,AMA,10,88,-,-,20.500,H,-,W,Y,2,0,1,1,A,-,08,22107,,N,E,I,A,A,H,-,A,D,0,,,,,Y,,H,64,1,0,0,0,0,0,0,0,0,"- ","- ",38.387259999999998,-120.6795,AMADOR,UNINCORPORATED,-120.67906515,38.387145920000002
6428555,2014,2014-06-27,9295,2014-02-15,1707,16994,,6,2,9,0300,0,3,5,,2,003,"JACKSON VALLEY RD","RT 88",5280.00,S,N,B,-,N,,,,,,,,,,Y,2,0,1,1,C,-,18,,,N,H,H,A,A,H,-,C,D,0,,,Y,,Y,,-,"- ",1,0,0,0,0,0,0,0,1,"- ","- ",38.293010000000002,-121.00078000000001,AMADOR,UNINCORPORATED,-120.95523639,38.300822969999999
6488848,2014,2016-04-14,9295,2014-05-10,1228,14680,,6,1,9,0300,0,1,3,,1,049,"RT 49","MIDDLE BAR RD",8448.00,S,N,A,-,Y,AMA,10,49,-,-,2.520,H,-,S,Y,2,0,2,1,A,-,05,21650,,N,F,A,A,A,H,-,A,D,0,,,Y,,Y,,C,02,1,1,0,0,0,0,0,0,2,"- ","- ",38.321620000000003,-120.72617,AMADOR,UNINCORPORATED,-120.75308919,38.332002359999997
6503050,2014,2016-04-14,9295,2014-04-27,1800,019284,,7,2,9,0300,0,1,3,,1,049,"RT 49","BELL RD",5280.00,S,N,A,-,Y,AMA,10,49,-,-,21.220,H,-,N,Y,2,0,1,1,A,-,01,23152,A,N,E,I,A,A,H,-,A,D,0,,,Y,,Y,Y,C,02,1,0,0,0,0,0,0,0,1,"- ","- ",38.524700000000003,-120.04771,AMADOR,UNINCORPORATED,-120.84745135,38.538623780000002
6531454,2014,2016-04-14,9295,2014-06-08,2105,16994,,7,2,9,0300,0,1,3,,1,049,"RT 49","RT 88",0.00,,Y,A,-,Y,AMA,10,49,-,-,5.934,I,5,S,Y,2,0,2,2,A,-,12,21453,A,N,D,C,A,A,H,-,C,A,0,,,,,Y,,D,22,1,0,1,0,0,0,0,0,0,"- ","- ",38.365270000000002,-120.79439000000001,AMADOR,UNINCORPORATED,-120.79420718999999,38.365436799999998
6544581,2014,2016-04-11,9295,2014-06-28,1530,019284,,6,2,9,0300,0,1,3,,1,064,"RT 88","THUNDER MOUNTAIN TRAILHEAD",1109.00,W,N,A,-,Y,AMA,10,88,-,R,69.250,H,-,W,Y,2,0,1,1,A,-,08,22107,,N,E,I,A,A,H,-,A,D,0,,,Y,,Y,,C,02,1,0,0,0,0,0,0,0,1,"- ","- ",38.70476,-120.11185,AMADOR,UNINCORPORATED,-120.11097977,38.705320069999999
6573145,2014,2016-04-28,9295,2014-07-12,0123,16994,,6,3,9,0300,0,1,3,,1,053,"RT 88","SILVER DR",1056.00,W,N,A,-,Y,AMA,10,88,-,-,32.490,H,-,E,Y,2,0,1,1,A,-,01,23152,A,N,E,I,A,A,H,-,D,A,0,,,,,Y,Y,A,01,1,0,0,0,0,0,0,0,0,"- ","- ",38.450620000000001,-120.52717,AMADOR,UNINCORPORATED,-120.52766621000001,38.449489919999998