CASE_ID,ACCIDENT_YEAR,PROC_DATE,JURIS,COLLISION_DATE,COLLISION_TIME,OFFICER_ID,REPORTING_DISTRICT,DAY_OF_WEEK,CHP_SHIFT,POPULATION,CNTY_CITY_LOC,SPECIAL_COND,BEAT_TYPE,CHP_BEAT_TYPE,CITY_DIVISION_LAPD,CHP_BEAT_CLASS,BEAT_NUMBER,PRIMARY_RD,SECONDARY_RD,DISTANCE,DIRECTION,INTERSECTION,WEATHER_1,WEATHER_2,STATE_HWY_IND,CALTRANS_COUNTY,CALTRANS_DISTRICT,STATE_ROUTE,ROUTE_SUFFIX,POSTMILE_PREFIX,POSTMILE,LOCATION_TYPE,RAMP_INTERSECTION,SIDE_OF_HWY,TOW_AWAY,COLLISION_SEVERITY,NUMBER_KILLED,NUMBER_INJURED,PARTY_COUNT,PRIMARY_COLL_FACTOR,PCF_CODE_OF_VIOL,PCF_VIOL_CATEGORY,PCF_VIOLATION,PCF_VIOL_SUBSECTION,HIT_AND_RUN,TYPE_OF_COLLISION,MVIW,PED_ACTION,ROAD_SURFACE,ROAD_COND_1,ROAD_COND_2,LIGHTING,CONTROL_DEVICE,CHP_ROAD_TYPE,PEDESTRIAN_ACCIDENT,BICYCLE_ACCIDENT,MOTORCYCLE_ACCIDENT,TRUCK_ACCIDENT,NOT_PRIVATE_PROPERTY,ALCOHOL_INVOLVED,STWD_VEHTYPE_AT_FAULT,CHP_VEHTYPE_AT_FAULT,COUNT_SEVERE_INJ,COUNT_VISIBLE_INJ,COUNT_COMPLAINT_PAIN,COUNT_PED_KILLED,COUNT_PED_INJURED,COUNT_BICYCLIST_KILLED,COUNT_BICYCLIST_INJURED,COUNT_MC_KILLED,COUNT_MC_INJURED,PRIMARY_RAMP,SECONDARY_RAMP,LATITUDE,LONGITUDE,COUNTY,CITY,POINT_X,POINT_Y
6581178,2014,2014-08-28,9295,2014-07-28,1748,014680,,1,2,9,0300,0,3,5,,2,003,"BUENA VISTA RD","CAMANCHE PKWY N",1056.00,S,N,B,-,N,,,,,,,,,,Y,2,0,1,1,A,-,05,21650,,N,E,I,A,A,H,-,A,D,0,,,,,Y,,A,01,1,0,0,0,0,0,0,0,0,"- ","- ",38.246319999999997,-120.88123,AMADOR,UNINCORPORATED,-120.87976272,38.251177599999998
6592375,2014,2016-04-28,9295,2014-07-25,0001,018304,,5,3,9,0300,0,1,3,,1,049,"RT 49","MIDDLE BAR RD",1056.00,S,N,A,-,Y,AMA,10,49,-,-,2.320,H,-,S,Y,2,0,1,1,A,-,01,23152,A,N,F,A,A,A,H,-,D,D,0,,,Y,,Y,Y,C,02,1,0,0,0,0,0,0,0,1,"- ","- ",38.33079,-120.74939999999999,AMADOR,UNINCORPORATED,-120.74974586,38.331056539999999
6592882,2014,2014-09-04,0300,2014-08-09,1050,R2507,PLC,6,5,1,0304,0,0,0,,0,050,"RT 49","PACIFIC ST",1584.00,S,N,A,-,Y,,,,,,,,,,N,2,0,2,1,A,-,03,22350,,N,F,A,A,A,H,-,A,D,0,,,Y,,Y,,C,02,1,1,0,0,0,0,0,0,2,"- ","- ",,,AMADOR,PLYMOUTH,-120.8522179,38.471333319999999
6598706,2014,2016-04-28,9295,2014-08-13,0815,014943,,3,1,9,0300,0,1,3,,1,042,"RT 88","OUSBY RD",528.00,W,N,A,-,Y,AMA,10,88,-,-,16.050,H,-,W,Y,2,0,1,1,C,-,18,,,N,H,H,A,A,H,-,A,D,0,,,Y,,Y,,-,"- ",1,0,0,0,0,0,0,0,1,"- ","- ",38.3598,-120.7443,AMADOR,UNINCORPORATED,-120.74824026,38.360768329999999
6601452,2014,2014-09-09,9295,2014-08-17,1530,019229,,7,2,9,0300,0,3,5,,2,003,"CAMANCHE PKWY N","RT 88",26400.00,E,N,A,-,N,,,,,,,,,,Y,2,0,1,1,A,-,08,22107,,N,F,A,A,A,H,-,A,D,0,,,Y,,Y,,C,02,1,0,0,0,0,0,0,0,1,"- ","- ",38.24109,-120.98444000000001,AMADOR,UNINCORPORATED,-120.97733617,38.243724810000003
6645317,2014,2016-04-28,9295,2014-09-19,1735,014680,,5,2,9,0300,0,1,3,,1,064,"RT 88","DUFRENE RD",1584.00,E,N,A,-,Y,AMA,10,88,-,-,53.390,H,-,W,Y,2,0,4,2,A,-,08,22107,,N,A,C,A,A,H,-,A,D,0,,,,Y,Y,,F,26,2,1,1,0,0,0,0,0,0,"- ","- ",38.572150000000001,-120.26336000000001,AMADOR,UNINCORPORATED,-120.26138165,38.574539090000002
6657706,2014,2014-12-10,9295,2014-10-06,0445,015136,,1,3,9,0300,0,3,5,,2,003,"COYOTE DR","VILLAGE DR",400.00,N,N,A,-,N,,,,,,,,,,N,2,0,1,1,C,-,18,,,N,H,H,A,A,H,-,D,D,0,,,Y,,Y,,-,"- ",1,0,0,0,0,0,0,0,1,"- ","- ",38.272950000000002,-120.96680000000001,AMADOR,UNINCORPORATED,-120.96881773,38.272210010000002
6658649,2014,2016-04-28,9295,2014-09-25,1315,014579,,4,1,9,0300,0,1,3,,1,064,"RT 88","OYSTER CREEK",1056.00,E,N,B,-,Y,AMA,10,88,-,-,67.180,H,-,W,Y,2,0,1,1,A,-,03,22350,,N,F,A,A,A,H,-,A,A,0,,,,Y,Y,,G,25,1,0,0,0,0,0,0,0,0,"- ","- ",38.680239999999998,-120.116,AMADOR,UNINCORPORATED,-120.11689526000001,38.680860289999998
6667105,2014,2016-04-28,9295,2014-09-26,1640,019158,,5,2,9,0300,0,1,3,,2,055,"RT 26","BOBBIE LN",22.00,N,N,B,-,Y,AMA,10,26,-,-,2.911,I,5,W,N,2,0,1,2,A,-,12,22450,A,N,D,G,A,A,H,-,A,A,0,,Y,,,Y,,L,04,1,0,0,0,0,0,1,0,0,"- ","- ",38.415199999999999,-120.58551,AMADOR,UNINCORPORATED,-120.58540708,38.41520087
6707177,2014,2015-01-07,9295,2014-11-03,0003,16994,,1,3,9,0300,0,3,5,,2,003,"CURRAN RD","DRY CREEK LN",1056.00,S,N,B,-,N,,,,,,,,,,Y,2,0,1,1,A,-,01,23152,A,N,E,I,A,A,H,-,D,D,0,,,,,Y,Y,A,07,1,0,0,0,0,0,0,0,0,"- ","- ",38.259399999999999,-120.958,AMADOR,UNINCORPORATED,-120.96427044000001,38.259223630000001
6718091,2014,2015-02-11,9295,2014-12-17,1614,016994,,3,2,9,0300,0,1,3,,1,053,"RT 88","GAYLA DR",2640.00,W,N,B,-,Y,AMA,10,88,-,R,25.290,H,-,E,Y,1,1,0,1,A,-,05,21650,,N,E,I,A,B,H,-,A,D,0,,,,,Y,,D,22,0,0,0,0,0,0,0,0,0,"- ","- ",38.400469999999999,-120.62871,AMADOR,UNINCORPORATED,-120.62856884,38.400444589999999
6718393,2015,2017-07-21,9295,2015-01-23,2141,16994,,5,2,9,0300,0,3,5,,2,003,"BUENA VISTA RD","STONY CREEK RD",331.00,S,N,B,-,N,,,,,,,,,,N,1,1,0,1,A,-,05,21650,,N,E,I,A,A,H,-,D,A,0,,,,,Y,,A,01,0,0,0,0,0,0,0,0,0,"- ","- ",38.269919999999999,-120.87728,AMADOR,UNINCORPORATED,-120.87726932,38.269722780000002
6812145,2015,2015-03-03,0303,2015-01-15,1048,D1590,JKC,4,5,2,0303,0,0,0,,0,JKC,"ARGONAUT LN","HOFFMAN ST",0.00,,Y,A,-,N,,,,,,,,,,N,2,0,1,2,A,-,09,21802,A,N,H,G,A,A,H,-,A,A,0,,Y,,,Y,,A,01,1,0,0,0,0,0,1,0,0,"- ","- ",,,AMADOR,JACKSON,-120.79185993999999,38.353789939999999
6824197,2015,2016-09-13,9295,2015-02-17,1620,015691,,2,2,9,0300,0,1,3,,1,064,"RT 88","CAT CREEK RD",4594.00,E,N,A,-,Y,AMA,10,88,-,-,46.870,H,-,W,Y,2,0,2,1,A,-,05,21650,,N,E,I,A,A,H,-,A,D,0,,,,,Y,,A,01,1,1,0,0,0,0,0,0,0,"- ","- ",38.54607,-120.3522,AMADOR,UNINCORPORATED,-120.35163994,38.545619760000001
6849396,2015,2015-03-25,9295,2015-03-09,1727,16994,,1,2,9,0300,0,2,4,,1,044,"RIDGE RD","RIDGE FRONTAGE RD",250.00,W,N,A,-,N,,,,,,,,,,Y,2,0,2,2,A,-,05,21460,A,N,A,C,A,A,H,-,A,D,0,,,,,Y,,D,22,2,0,0,0,0,0,0,0,0,"- ","- ",38.395470000000003,-120.76024,AMADOR,UNINCORPORATED,-120.80243,38.378410000000002
6856007,2015,2016-09-14,9295,2015-02-28,1340,014943,,6,1,9,0300,0,1,3,,1,049,"RT 49","ELECTRA RD",90.00,N,N,B,-,Y,AMA,10,49,-,-,0.120,H,-,N,Y,2,0,2,2,A,-,09,21804,A,N,C,C,A,A,H,-,A,A,0,,,,,Y,,D,22,1,0,1,0,0,0,0,0,0,"- ","- ",38.319609999999997,-120.72580000000001,AMADOR,UNINCORPORATED,-120.72120769,38.314333019999999
6881312,2015,2016-09-13,9295,2015-03-28,1252,015164,,6,1,9,0300,0,1,3,,1,053,"RT 88","BUCKHORN RIDGE RD",528.00,W,N,A,-,Y,AMA,10,88,-,R,31.730,H,-,W,Y,2,0,1,1,A,-,01,23152,A,N,E,I,A,A,H,-,A,D,0,,,,,Y,Y,A,07,1,0,0,0,0,0,0,0,0,"- ","- ",38.443010000000001,-120.53876,AMADOR,UNINCORPORATED,-120.5376112,38.443250460000002
6893564,2015,2015-05-29,9295,2015-04-05,1405,15164,,7,2,9,0300,0,3,5,,2,005,"RAMS HORN GRD","BARONE RD",3168.00,N,N,C,-,N,,,,,,,,,,Y,2,0,1,2,A,-,05,21460,A,N,D,C,A,B,H,-,A,D,0,,,,,Y,,A,01,1,0,0,0,0,0,0,0,0,"- ","- ",38.454430000000002,-120.6191,AMADOR,UNINCORPORATED,-120.61989963000001,38.453410169999998
6935536,2015,2016-11-19,9295,2015-05-20,1215,014579,,3,1,9,0300,0,1,3,,1,064,"RT 88","MAIDENS GRAVE",3696.00,E,N,C,D,Y,AMA,10,88,-,R,62.050,H,-,W,Y,2,0,2,1,A,-,03,22350,,N,F,A,A,C,H,-,A,D,0,,,,,Y,,D,22,1,1,0,0,0,0,0,0,0,"- ","- ",38.632710000000003,-120.15885,AMADOR,UNINCORPORATED,-120.15854957000001,38.632700589999999
6965304,2015,2016-11-19,9295,2015-06-15,1633,16881,,1,2,9,0300,0,1,3,,1,053,"RT 88","RAVEN RD",315.00,E,N,A,-,Y,AMA,10,88,-,-,28.200,H,-,W,Y,2,0,1,1,A,-,01,23152,A,N,E,I,A,A,H,-,A,D,0,,,,,Y,Y,A,07,1,0,0,0,0,0,0,0,0,"- ","- ",38.343049999999998,-120.76353,AMADOR,UNINCORPORATED,-120.59289975999999,38.424856509999998
7190598,2016,2016-12-01,0302,2016-07-25,0804,R0846,10C,1,5,2,0302,0,0,0,,0,10C,"RT 104","RT 104 4501",151.00,E,N,A,-,Y,AMA,10,104,-,R,5.090,H,-,E,Y,1,1,1,2,A,-,05,21460,A,N,A,C,A,A,H,-,A,D,0,,,,Y,Y,,A,01,1,0,0,0,0,0,0,0,0,"- ","- ",38.352690000000003,-120.93272,AMADOR,IONE,-120.94300948999999,38.362782189999997
8341677,2017,2018-01-20,0305,2017-03-16,1110,G1035,STC,4,5,1,0305,0,0,0,,0,STC,"RT 49","RIDGE RD",0.00,,Y,A,-,Y,AMA,10,49,-,-,6.950,H,-,N,Y,2,0,1,2,A,-,03,22350,,N,C,C,A,A,H,-,A,A,0,,,,,Y,Y,D,22,1,0,0,0,0,0,0,0,0,"- ","- ",38.378430000000002,-120.80240999999999,AMADOR,"SUTTER CREEK",-120.80227120000001,38.378000460000003
8452996,2017,2017-10-03,0305,2017-06-05,1019,B4886,0305,1,5,1,0305,0,0,0,,0,STC,"RIDGE RD","SUTTER HILL RD",291.00,E,N,A,-,N,,,,,,,,,,N,2,0,1,3,A,-,17,21712,A,N,H,A,A,A,H,-,A,D,0,,,,Y,Y,,F,26,1,0,0,0,0,0,0,0,0,"- ","- ",38.379280000000001,-120.79944999999999,AMADOR,"SUTTER CREEK",-120.80058302,38.379378629999998
8668631,2018,2018-08-06,0305,2018-07-05,1125,B4886,0305,4,5,1,0305,0,0,0,,0,STC,"RIDGE RD","BOWERS DR",18.00,W,N,A,-,N,,,,,,,,,,Y,2,0,1,2,A,-,09,21802,A,N,D,C,A,A,H,-,A,D,0,,,Y,,Y,,D,22,1,0,0,0,0,0,0,0,1,"- ","- ",38.376541137695312,-120.80518341064453,AMADOR,"SUTTER CREEK",-120.80497741699219,38.376678466796875
8800911,2019,2019-02-22,0305,2019-02-07,0837,B4886,0305,4,5,1,0305,0,0,0,,0,STC,"RIDGE RD","BOWERS RD",0.00,,Y,A,-,N,,,,,,,,,,Y,2,0,2,3,A,-,09,21802,A,N,D,C,A,A,H,-,A,D,0,,,,,Y,,-,,1,0,1,0,0,0,0,0,0,"- ","- ",38.376541137695312,-120.80518341064453,AMADOR,"SUTTER CREEK",-120.804931640625,38.376708984375
8848776,2018,2019-05-02,0303,2018-09-21,1617,X6884,JKC,5,5,2,0303,0,0,0,,0,JKC,"PITT ST","BRIGHT AV",30.00,E,N,A,-,N,,,,,,,,,,N,2,0,1,2,A,-,21,22106,,N,B,C,A,A,H,-,A,D,0,,,Y,,Y,,D,22,1,0,0,0,0,0,0,0,1,"- ","- ",38.350658416748047,-120.76860046386719,AMADOR,JACKSON,-120.76949310302734,38.350086212158203
8886033,2019,2019-07-09,0305,2019-05-14,2053,X8066,STC,2,5,1,0305,0,0,0,,0,STC,"OLD HWY 49","RT 49",311.00,E,N,A,-,N,,,,,,,,,,Y,2,0,1,1,A,-,01,23152,A,N,E,I,A,A,H,-,D,D,0,,,,,Y,Y,A,01,1,0,0,0,0,0,0,0,0,"- ","- ",38.38275146484375,-120.80632019042969,AMADOR,"SUTTER CREEK",-120.80581665039062,38.382667541503906
8930686,2018,2019-10-16,0303,2018-04-14,1638,X6884,JKC,6,5,2,0303,0,0,0,,0,JKC,"RT 49","RT 49 535",0.00,,N,A,-,Y,AMA,10,49,-,-,4.200,H,-,S,Y,2,0,1,2,A,-,09,21804,A,N,D,C,A,A,H,-,A,A,0,,,,,Y,,A,01,1,0,0,0,0,0,0,0,0,"- ","- ",,,AMADOR,JACKSON,-120.775146484375,38.348602294921875
8939574,2019,2020-02-28,0303,2019-12-02,0710,T3694,JKC,1,5,2,0303,0,0,0,,0,JKC,"RT 49","HOFFMAN ST",0.00,,Y,C,-,Y,AMA,10,49,-,-,4.410,I,5,N,N,1,1,0,2,A,-,10,21950,A,N,G,B,C,B,H,-,B,D,0,Y,,,,Y,,-,,0,0,0,1,0,0,0,0,0,"- ","- ",38.352588653564453,-120.77596282958984,AMADOR,JACKSON,-120.77595520019531,38.351699829101562
8984444,2019,2020-05-19,0303,2019-06-15,2042,B7342,JKC,6,5,2,0303,0,0,0,,0,JKC,"RT 88","COURT ST",0.00,,Y,A,-,Y,AMA,10,88,-,-,14.900,I,5,W,N,2,0,1,2,A,-,09,21802,A,N,D,C,A,A,H,-,B,A,0,,,Y,,Y,,-,99,1,0,0,0,0,0,0,0,1,"- ","- ",38.352828979492188,-120.76513671875,AMADOR,JACKSON,-120.76528167724609,38.352733612060547
90005759,2015,2015-10-19,9295,2015-07-11,1250,015164,,6,1,9,0300,0,1,3,,1,053,SR-88,"INSPIRATION DR  EAST",6336.00,E,N,A,-,Y,,,88,,,,,,,Y,2,0,1,1,A,-,03,22350,,N,F,A,A,A,H,-,A,D,0,,,Y,,Y,,C,02,1,0,0,0,0,0,0,0,1,"- ","- ",38.499519999999997,-120.50266000000001,AMADOR,UNINCORPORATED,-120.5026744,38.49954048
90005787,2015,2015-10-19,9295,2015-07-03,0557,015164,,5,3,9,0300,0,3,5,,2,004,"NEW YORK RANCH ROAD","COVENTRY COURT",2112.00,N,N,B,-,N,,,,,,,,,,Y,2,0,1,1,A,-,05,21650,,N,E,I,A,A,H,-,A,D,0,,,,,Y,,D,22,1,0,0,0,0,0,0,0,0,"- ","- ",38.397620000000003,-120.73331,AMADOR,UNINCORPORATED,-120.7333943,38.397152689999999
90006172,2015,2015-10-19,9295,2015-07-19,0830,015164,,7,1,9,0300,0,1,3,,1,053,SR-88,"ELLIS ROAD",10560.00,E,N,A,-,Y,,,88,,,,,,,Y,2,0,1,1,C,-,18,,,N,H,H,A,A,H,-,A,D,0,,,Y,,Y,,-,"- ",1,0,0,0,0,0,0,0,1,"- ","- ",38.545259999999999,-120.31406,AMADOR,UNINCORPORATED,-120.31405809,38.545245260000002
90009974,2015,2015-10-19,9295,2015-08-16,1740,015691,,7,2,9,0300,0,1,3,,1,031,SR-88,"BUENA VISTA ROAD",0.00,,Y,A,-,Y,,,88,,,,,,,Y,2,0,2,2,A,-,09,21802,A,N,D,C,A,A,H,-,A,A,0,,,,,Y,Y,A,01,1,1,0,0,0,0,0,0,0,"- ","- ",38.322699999999998,-120.92657,AMADOR,UNINCORPORATED,-120.92657364999999,38.322721389999998
90010368,2015,2015-10-29,9295,2015-08-18,1512,015691,,2,2,9,0300,0,1,3,,2,024,SR-124,"TONZI ROAD",0.00,,Y,A,-,Y,,,124,,,,,,,Y,2,0,3,2,A,-,09,21802,A,N,D,C,A,A,H,-,A,A,0,,,,Y,Y,,D,22,1,2,0,0,0,0,0,0,0,"- ","- ",38.406570000000002,-120.89054,AMADOR,UNINCORPORATED,-120.89053052,38.406565049999998
90020640,2015,2015-10-19,9295,2015-09-20,1755,014408,,7,2,9,0300,0,1,3,,1,042,SR-88,"WEST MOLFINO RD",650.00,W,N,A,-,Y,,,88,,,,,,,Y,2,0,2,1,C,-,18,,,N,H,H,A,A,H,-,A,D,0,,,Y,,Y,,-,"- ",1,1,0,0,0,0,0,0,2,"- ","- ",38.380749999999999,-120.69508,AMADOR,UNINCORPORATED,-120.69509995999999,38.380782760000002
90022942,2015,2015-10-19,9295,2015-09-18,1932,015691,,5,2,9,0300,0,2,4,,2,012,"SHENANDOAH ROAD","SHENANDOAH SCHOOL RD",3168.00,E,N,A,-,N,,,,,,,,,,Y,1,1,0,1,A,-,05,21650,,N,F,A,A,A,H,-,D,D,0,,,Y,,Y,Y,C,02,0,0,0,0,0,0,0,1,0,"- ","- ",38.504939999999998,-120.82572999999999,AMADOR,UNINCORPORATED,-120.83445288999999,38.489738070000001
90026563,2015,2015-10-19,9295,2015-10-01,2048,015691,,4,2,9,0300,0,1,3,,1,049,SR-49,"ELECTRA ROAD",2798.00,N,N,B,-,Y,,,49,,,,,,,Y,2,0,1,1,A,-,01,23152,A,N,E,I,A,B,H,-,A,D,0,,,,,Y,Y,A,01,1,0,0,0,0,0,0,0,0,"- ","- ",38.320059999999998,-120.72497,AMADOR,UNINCORPORATED,-120.72502942,38.320061440000003
90057397,2015,2015-11-23,9295,2015-11-15,1405,015164,,7,2,9,0300,0,1,3,,1,053,SR-88,"OMO RANCH RD",20.00,W,N,D,-,Y,,,88,,,,,,,Y,2,0,1,1,A,-,03,22350,,N,E,I,A,C,G,H,A,A,0,,,,,Y,,A,07,1,0,0,0,0,0,0,0,0,"- ","- ",38.528109999999998,-120.4423,AMADOR,UNINCORPORATED,-120.4421895,38.52801814
90081965,2015,2015-12-24,9295,2015-12-14,1210,013204,,1,1,9,0300,0,3,5,,2,004,"ELECTRA RD",SR-49,15840.00,N,N,A,-,N,,,,,,,,,,Y,2,0,1,1,A,-,13,22515,A,N,F,A,A,A,H,-,A,D,0,,,,,Y,,A,07,1,0,0,0,0,0,0,0,0,"- ","- ",38.33061,-120.67621,AMADOR,UNINCORPORATED,-120.72105999999999,38.314050000000002
90130440,2016,2016-03-07,9295,2016-02-25,1530,014680,,4,2,9,0300,0,3,5,,2,001,"NEW CHICAGO RD","TURNER ROAD",7920.00,E,N,A,-,N,,,,,,,,,,Y,2,0,2,1,A,-,05,21650,,N,F,A,A,A,G,-,A,D,0,,,,,Y,Y,A,07,1,1,0,0,0,0,0,0,0,"- ","- ",38.450859999999999,-120.80585000000001,AMADOR,UNINCORPORATED,-120.80464901000001,38.452949289999999
90139613,2016,2016-03-18,9295,2016-03-05,1425,018776,,6,2,9,0300,0,3,5,,2,001,"LATROBE RD","CONSUMNES RIVER",2800.00,S,N,B,C,N,,,,,,,,,,Y,2,0,1,2,A,-,08,22107,,N,E,I,A,B,H,-,A,D,0,,,,,Y,,A,07,1,0,0,0,0,0,0,0,0,"- ","- ",38.515360000000001,-120.95086999999999,AMADOR,UNINCORPORATED,-120.95073938,38.515836579999998
90206114,2016,2016-08-16,9295,2016-04-16,2310,019158,,6,3,9,0300,0,1,3,,1,064,"STATE ROUTE 88 (SR-88)","TRAGEDY SPRINGS ROAD",1300.00,E,N,A,-,Y,,,88,,,,,,,Y,1,1,2,1,A,-,01,23152,A,N,F,A,A,A,H,-,D,D,0,,,,,Y,Y,D,22,2,0,0,0,0,0,0,0,0,"- ","- ",38.638759999999998,-120.13816,AMADOR,UNINCORPORATED,-120.13821032,38.638802769999998
90209930,2016,2016-06-27,9295,2016-06-16,1525,017776,,4,2,9,0300,0,1,3,,1,053,SR-88,"COLUMBIA DR",350.00,E,N,A,-,Y,,,88,,,,,,,Y,2,0,2,1,A,-,08,22107,,N,F,A,A,A,H,-,A,D,0,,,Y,,Y,,C,02,1,1,0,0,0,0,0,0,2,"- ","- ",38.459090000000003,-120.53091999999999,AMADOR,UNINCORPORATED,-120.53090993000001,38.459081470000001
90213261,2016,2016-06-30,9295,2016-06-18,1330,015164,,6,1,9,0300,0,3,5,,2,005,"RAMS HORN GRADE","BARONE ROAD",7920.00,N,N,B,-,N,,,,,,,,,,N,2,0,1,1,A,-,05,21650,,N,F,I,A,A,H,-,A,D,0,,,Y,,Y,,C,02,1,0,0,0,0,0,0,0,1,"- ","- ",38.464640000000003,-120.62323000000001,AMADOR,UNINCORPORATED,-120.62377671,38.46243595
90222046,2016,2016-08-22,9295,2016-06-10,0028,018304,,5,3,9,0300,0,1,3,,1,016,SR-16,"LONG GATE RD",3168.00,W,N,A,-,Y,,,16,,,,,,,Y,1,2,2,2,A,-,05,21650,,N,A,C,A,A,H,-,D,D,0,,,,,Y,,A,01,1,0,1,0,0,0,0,0,0,"- ","- ",38.472200000000001,-120.98191,AMADOR,UNINCORPORATED,-120.98192705,38.472169800000003
90224880,2016,2016-07-18,9295,2016-06-19,0630,019284,,7,1,9,0300,0,2,4,,1,044,"RIDGE RD","HAMRICKS GRADE",486.00,E,N,A,-,N,,,,,,,,,,Y,1,1,2,2,A,-,05,21460,A,N,A,C,A,A,H,-,A,D,0,,,,,Y,,A,01,0,0,2,0,0,0,0,0,0,"- ","- ",38.401139999999998,-120.75201,AMADOR,UNINCORPORATED,-120.75171446,38.401233619999999
90225968,2016,2016-07-19,9295,2016-07-11,1424,018736,,1,2,9,0300,0,3,5,,2,003,"BUENA VISTA RD","STONEY CREEK RD",2640.00,N,N,A,-,N,,,,,,,,,,Y,1,1,0,1,A,-,08,22107,,N,E,I,A,A,H,-,A,D,0,,,,,Y,,A,01,0,0,0,0,0,0,0,0,0,"- ","- ",38.27525,-120.88511,AMADOR,UNINCORPORATED,-120.88477843,38.275126319999998
90230379,2016,2016-07-26,9295,2016-07-17,1245,015164,,7,1,9,0300,0,3,5,,2,005,"PIONEER VOLCANO ROAD","OLD GIANNINI RANCH RD",528.00,W,N,A,-,N,,,,,,,,,,Y,2,0,1,1,A,-,05,21650,,N,F,A,A,A,H,-,A,D,0,,,Y,,Y,,C,02,1,0,0,0,0,0,0,0,1,"- ","- ",38.432580000000002,-120.62187,AMADOR,UNINCORPORATED,-120.62237263,38.432505310000003
90234376,2016,2016-08-01,9295,2016-07-23,2230,019003,,6,3,9,0300,0,3,5,,2,004,"NEW YORK RANCH RD","CHINA GRAVEYARD RD",528.00,N,N,A,-,N,,,,,,,,,,Y,2,0,1,1,A,-,01,23152,A,N,E,I,A,A,H,-,D,D,0,,,,,Y,Y,A,01,1,0,0,0,0,0,0,0,0,"- ","- ",38.372019999999999,-120.76066,AMADOR,UNINCORPORATED,-120.76308134999999,38.368102870000001
90245046,2016,2016-08-15,9295,2016-08-11,1810,018776,,4,2,9,0300,0,1,3,,2,020,SR-104,"FOOTHILL BLVD",4224.00,S,N,A,-,Y,,,104,,,,,,,Y,2,0,1,1,A,-,08,22107,,N,E,I,A,A,H,-,A,D,0,,,,,Y,,A,07,1,0,0,0,0,0,0,0,0,"- ","- ",38.339970000000001,-120.91704,AMADOR,UNINCORPORATED,-120.91708092,38.339910629999999
90245122,2016,2016-08-15,9295,2016-08-08,1532,018502,,1,2,9,0300,0,1,3,,1,031,SR-88,"BLUE SKY DR",947.00,W,N,A,-,Y,,,88,,,,,,,Y,2,0,3,2,A,-,08,22107,,N,A,C,A,A,H,-,A,D,0,,,,,Y,,A,01,2,1,0,0,0,0,0,0,0,"- ","- ",38.343820000000001,-120.88306,AMADOR,UNINCORPORATED,-120.8830619,38.34382686
90247627,2016,2016-08-18,9295,2016-03-28,2256,019229,,1,3,9,0300,0,1,3,,1,016,SR-16,"WELSH POND ROAD",43.00,E,N,A,-,Y,,,16,,,,,,,Y,1,1,2,3,A,-,03,22350,,N,C,C,A,A,H,-,D,D,0,,,,,Y,,J,48,1,1,0,0,0,0,0,0,0,"- ","- ",38.457569999999997,-120.92725,AMADOR,UNINCORPORATED,-120.92726496,38.45754101
90264098,2016,2016-09-08,9295,2016-09-05,1748,018502,,1,2,9,0300,0,3,5,,2,003,"STONY CREEK RD","JACKSON CREEK",425.00,N,N,A,-,Y,,,,,,,,,,Y,2,0,3,1,A,-,03,22350,,N,E,I,A,A,H,-,A,D,0,,,,,Y,,A,01,1,0,2,0,0,0,0,0,0,"- ","- ",38.315930000000002,-120.83195000000001,AMADOR,UNINCORPORATED,,
90275977,2016,2016-09-26,9295,2016-08-23,0725,014408,,2,1,9,0300,0,1,3,,1,016,SR-16,SR-124,0.00,,Y,A,-,Y,,,16,,,,,,,Y,1,1,0,1,A,-,03,22350,,N,F,A,A,A,H,-,A,A,0,,,,Y,Y,,G,25,0,0,0,0,0,0,0,0,0,"- ","- ",38.453380000000003,-120.87282999999999,AMADOR,UNINCORPORATED,-120.8729381,38.453756290000001
90284408,2016,2016-10-05,9295,2016-09-26,0920,014579,,1,1,9,0300,0,1,3,,1,031,SR-88,"LOWER RIDGE ROAD",1584.00,W,N,A,-,Y,,,88,,,,,,,Y,2,0,1,2,A,-,07,21658,A,N,E,I,A,A,H,-,A,A,0,,,,,Y,,A,01,1,0,0,0,0,0,0,0,0,"- ","- ",38.357860000000002,-120.82538,AMADOR,UNINCORPORATED,-120.82540903,38.357914870000002
90290897,2016,2016-10-13,9295,2016-10-01,1335,015164,,6,1,9,0300,0,1,3,,2,055,SR-26,"ROCKY LANE",120.00,N,N,A,-,Y,,,26,,,,,,,Y,2,0,1,1,A,-,05,21650,,N,E,I,A,A,H,-,A,D,0,,,,,Y,,A,01,1,0,0,0,0,0,0,0,0,"- ","- ",38.418509999999998,-120.59926,AMADOR,UNINCORPORATED,-120.59925545999999,38.418491459999998
90392607,2017,2017-02-14,9295,2017-02-05,2210,018304,,7,3,9,0300,0,1,3,,1,049,SR-49,"CHINA STREET",48.00,S,N,C,-,Y,,,49,,,,,,,Y,2,0,1,1,A,-,01,23152,,N,E,I,A,B,H,-,D,D,0,,,,,Y,Y,A,01,1,0,0,0,0,0,0,0,0,"- ","- ",38.439749999999997,-120.85460999999999,AMADOR,UNINCORPORATED,-120.8546376,38.439743239999999