CASE_ID,ACCIDENT_YEAR,PROC_DATE,JURIS,COLLISION_DATE,COLLISION_TIME,OFFICER_ID,REPORTING_DISTRICT,DAY_OF_WEEK,CHP_SHIFT,POPULATION,CNTY_CITY_LOC,SPECIAL_COND,BEAT_TYPE,CHP_BEAT_TYPE,CITY_DIVISION_LAPD,CHP_BEAT_CLASS,BEAT_NUMBER,PRIMARY_RD,SECONDARY_RD,DISTANCE,DIRECTION,INTERSECTION,WEATHER_1,WEATHER_2,STATE_HWY_IND,CALTRANS_COUNTY,CALTRANS_DISTRICT,STATE_ROUTE,ROUTE_SUFFIX,POSTMILE_PREFIX,POSTMILE,LOCATION_TYPE,RAMP_INTERSECTION,SIDE_OF_HWY,TOW_AWAY,COLLISION_SEVERITY,NUMBER_KILLED,NUMBER_INJURED,PARTY_COUNT,PRIMARY_COLL_FACTOR,PCF_CODE_OF_VIOL,PCF_VIOL_CATEGORY,PCF_VIOLATION,PCF_VIOL_SUBSECTION,HIT_AND_RUN,TYPE_OF_COLLISION,MVIW,PED_ACTION,ROAD_SURFACE,ROAD_COND_1,ROAD_COND_2,LIGHTING,CONTROL_DEVICE,CHP_ROAD_TYPE,PEDESTRIAN_ACCIDENT,BICYCLE_ACCIDENT,MOTORCYCLE_ACCIDENT,TRUCK_ACCIDENT,NOT_PRIVATE_PROPERTY,ALCOHOL_INVOLVED,STWD_VEHTYPE_AT_FAULT,CHP_VEHTYPE_AT_FAULT,COUNT_SEVERE_INJ,COUNT_VISIBLE_INJ,COUNT_COMPLAINT_PAIN,COUNT_PED_KILLED,COUNT_PED_INJURED,COUNT_BICYCLIST_KILLED,COUNT_BICYCLIST_INJURED,COUNT_MC_KILLED,COUNT_MC_INJURED,PRIMARY_RAMP,SECONDARY_RAMP,LATITUDE,LONGITUDE,COUNTY,CITY,POINT_X,POINT_Y
90394170,2017,2017-02-15,9295,2017-02-05,0000,019284,,7,3,9,0300,0,3,5,,2,001,"FIDDLETOWN ROAD","SILVER OAK LANE",7392.00,E,N,A,-,N,,,,,,,,,,Y,2,0,1,1,A,-,01,23152,A,N,E,I,A,A,H,-,D,D,0,,,,,Y,Y,A,01,1,0,0,0,0,0,0,0,0,"- ","- ",38.483359999999998,-120.81135999999999,AMADOR,UNINCORPORATED,-120.79132847,38.49282092
90407696,2017,2017-03-16,9295,2017-01-17,1400,014408,,2,2,9,0300,0,1,3,,1,053,SR-88,"AQUEDUCT RD",300.00,W,N,A,-,Y,,,88,,,,,,,Y,1,1,2,3,A,-,01,23152,F,N,A,C,A,A,B,-,A,D,0,,,,,Y,Y,A,01,1,0,1,0,0,0,0,0,0,"- ","- ",38.402149999999999,-120.63760000000001,AMADOR,UNINCORPORATED,-120.6374129,38.402352880000002
90411074,2017,2017-03-13,9295,2017-03-09,2100,016881,,4,2,9,0300,0,3,5,,2,004,"SPAGNOLI MINE ROAD","IRISH TOWN RD",179.00,E,N,A,-,N,,,,,,,,,,Y,2,0,2,1,A,-,01,23152,A,N,E,I,A,A,H,-,D,D,0,,,,,Y,Y,A,01,1,1,0,0,0,0,0,0,0,"- ","- ",38.406610000000001,-120.66282,AMADOR,UNINCORPORATED,-120.67022553,38.395201550000003
90435650,2017,2017-04-17,9295,2017-03-25,0821,015164,,6,1,9,0300,0,1,3,,1,064,SR-88,"ELLIS ROAD",50.00,E,N,B,-,Y,,,88,,,,,,,Y,2,0,1,3,A,-,03,22350,,N,D,C,E,C,H,-,A,D,0,Y,,,,Y,,A,07,1,0,0,0,1,0,0,0,0,"- ","- ",38.547879999999999,-120.30672,AMADOR,UNINCORPORATED,-120.30672063999999,38.547881240000002
90443567,2017,2017-04-27,9295,2017-04-22,1805,018502,,6,2,9,0300,0,3,5,,2,001,"FIDDLETOWN RD","QUARTZ MOUNTAIN RD  N",2640.00,W,N,A,-,N,,,,,,,,,,Y,2,0,1,1,A,-,01,23152,A,N,F,A,A,A,H,-,A,D,0,,,,,Y,Y,A,01,1,0,0,0,0,0,0,0,0,"- ","- ",38.508209999999998,-120.77396,AMADOR,UNINCORPORATED,-120.77250079,38.508602340000003
90446646,2017,2017-05-01,9295,2017-04-23,1637,018502,,7,2,9,0300,0,1,3,,1,031,SR-88,"EGGIMAN LN",1105.00,E,N,A,-,Y,,,88,,,,,,,Y,2,0,3,2,A,-,08,22107,,N,A,C,A,A,H,-,A,D,0,,,,,Y,,A,01,2,1,0,0,0,0,0,0,0,"- ","- ",38.349490000000003,-120.84675,AMADOR,UNINCORPORATED,-120.84677213000001,38.349550700000002
90478675,2017,2017-06-15,9295,2017-06-07,1725,019003,,3,2,9,0300,0,3,5,,2,005,"RAMS HORN GRD","SHAKE RIDGE RD",4752.00,S,N,A,-,N,,,,,,,,,,N,2,0,1,1,A,-,05,21650,,N,E,I,A,A,H,-,A,D,0,,,Y,,Y,,C,02,1,0,0,0,0,0,0,0,1,"- ","- ",38.462420000000002,-120.6237,AMADOR,UNINCORPORATED,-120.62392563,38.46190189
9047958,2020,2020-09-22,0305,2020-02-05,0730,M5116,STX,3,5,1,0305,0,0,0,,0,010,"RT 49","RIDGE RD",87.00,S,N,A,-,Y,AMA,10,49,-,-,6.940,H,-,S,N,2,0,1,2,A,-,09,21804,A,N,-,-,A,A,H,-,A,-,0,,,,,Y,,D,22,1,0,0,0,0,0,0,0,0,"- ","- ",38.392971038818359,-120.80243682861328,AMADOR,"SUTTER CREEK",-120.80222320556641,38.377861022949219
90480853,2017,2017-09-27,9295,2017-06-03,1730,018684,,6,2,9,0300,0,3,5,,2,004,"SUTTER CREEK VOLCANO RD","LAUREL CANYON RD",3696.00,E,N,A,-,N,,,,,,,,,,Y,1,1,0,1,A,-,05,21650,,N,F,A,A,A,H,-,A,D,0,,,Y,,Y,Y,C,02,0,0,0,0,0,0,0,1,0,"- ","- ",38.436039999999998,-120.65747,AMADOR,UNINCORPORATED,-120.65713941999999,38.436140090000002
90487494,2017,2018-03-21,9295,2017-06-24,1520,019003,,6,2,9,0300,0,1,3,,1,064,SR-88,"ELLIS RD",2112.00,W,N,A,-,Y,,,88,,,,,,,Y,1,1,0,1,A,-,05,21650,,N,F,A,A,A,H,-,A,D,0,,,Y,,Y,,C,02,0,0,0,0,0,0,0,1,0,"- ","- ",38.545259999999999,-120.31421,AMADOR,UNINCORPORATED,-120.314199,38.545214119999997
90492684,2017,2017-07-03,9295,2017-06-28,2022,014680,,3,2,9,0300,0,3,5,,2,004,"TURNER ROAD","AMADOR CREEK ROAD",3168.00,S,N,A,-,N,,,,,,,,,,Y,2,0,5,1,A,-,01,23152,A,N,F,A,A,A,H,-,A,D,0,,,,,Y,Y,A,01,1,4,0,0,0,0,0,0,0,"- ","- ",38.41581,-120.80844999999999,AMADOR,UNINCORPORATED,-120.80831642,38.415193530000003
90492725,2017,2017-08-14,9295,2017-06-26,0005,019284,,1,3,9,0300,0,2,4,,1,043,"RIDGE RD","RIDGE FRONTAGE ROAD",395.00,W,N,A,-,N,,,,,,,,,,Y,2,0,2,3,A,-,01,23152,G,N,A,C,A,A,H,-,D,D,0,,,,,Y,Y,A,01,2,0,0,0,0,0,0,0,0,"- ","- ",38.395020000000002,-120.76054999999999,AMADOR,UNINCORPORATED,-120.80243,38.378410000000002
90493865,2017,2017-07-05,9295,2017-06-25,2345,018304,,7,3,9,0300,0,2,4,,1,043,SR-88,"IRISH TOWN RD",44.00,E,N,A,-,Y,,,,,,,,,,Y,2,0,1,1,A,-,01,23152,A,N,E,I,A,A,D,-,D,D,0,,,,,Y,Y,A,07,1,0,0,0,0,0,0,0,0,"- ","- ",38.350299999999997,-120.76609999999999,AMADOR,UNINCORPORATED,-120.67480999999999,38.388800000000003
90502742,2017,2017-07-18,9295,2017-07-16,2017,019229,,7,2,9,0300,0,3,5,,2,005,"SHAKE RIDGE RD","ALLAN RD",5280.00,E,N,A,-,N,,,,,,,,,,Y,2,0,1,2,A,-,05,21460,A,N,B,C,A,A,H,-,B,D,0,,,Y,,Y,,C,02,1,0,0,0,0,0,0,0,1,"- ","- ",38.488990000000001,-120.59219,AMADOR,UNINCORPORATED,-120.59703359,38.486736149999999
90508589,2017,2017-07-26,9295,2017-07-17,2500,016881,,1,4,9,0300,0,1,3,,2,055,SR-26,"JOYCE ROAD",1056.00,S,N,A,-,Y,,,26,,,,,,,Y,2,0,1,1,A,-,01,23152,A,N,E,I,A,A,H,-,A,D,0,,,,,Y,Y,D,22,1,0,0,0,0,0,0,0,0,"- ","- ",38.421109999999999,-120.57836,AMADOR,UNINCORPORATED,-120.57837311999999,38.4211344
90523595,2017,2017-08-15,9295,2017-08-07,1420,016881,,1,2,9,0300,0,1,3,,1,064,"SR-88 E/B","TRAGEDY SPRINGS ROAD",528.00,W,N,A,-,Y,,,88,,,,,,E,Y,2,0,1,3,A,-,03,22350,,N,C,C,A,A,H,-,A,D,0,,,,Y,Y,,G,25,1,0,0,0,0,0,0,0,0,"- ","- ",38.637090000000001,-120.14924000000001,AMADOR,UNINCORPORATED,-120.14922962,38.63706913
90524436,2017,2017-09-14,9295,2017-07-24,0627,016881,,1,1,9,0300,0,1,3,,1,049,SR-49,"VALLEY VIEW WAY",1056.00,N,N,A,-,Y,,,49,,,,,,,Y,1,1,1,2,A,-,01,23152,F,N,A,C,A,A,H,-,A,D,0,,,,,Y,,A,01,0,1,0,0,0,0,0,0,0,"- ","- ",38.392740000000003,-120.81617,AMADOR,UNINCORPORATED,-120.8161176,38.392741569999998
90528242,2017,2017-12-05,9295,2017-07-18,1602,018684,,2,2,9,0300,0,1,3,,1,053,SR-88,"BLACKBERRY LN",730.00,E,N,A,-,Y,,,88,,,,,,,Y,1,1,2,2,A,-,05,21460,A,N,A,C,A,A,D,-,A,D,0,,,,,Y,,D,22,2,0,0,0,0,0,0,0,0,"- ","- ",38.400379999999998,-120.62899,AMADOR,UNINCORPORATED,-120.62898282,38.400348909999998
90535176,2017,2017-11-07,9295,2017-08-12,0710,017776,,6,1,9,0300,0,3,5,,2,002,"JACKSON VALLEY RD",SR-88,2640.00,N,N,A,-,N,,,,,,,,,,Y,1,1,1,1,A,-,01,23152,A,N,E,I,A,A,H,-,A,D,0,,,,,Y,Y,A,01,1,0,0,0,0,0,0,0,0,"- ","- ",38.312130000000003,-120.97732999999999,AMADOR,UNINCORPORATED,-120.97788975,38.312261210000003
90543021,2017,2017-09-27,9295,2017-07-28,1625,018776,,5,2,9,0300,0,1,3,,2,024,SR-124,"WATERMAN RD.",2112.00,N,N,A,-,Y,,,124,,,,,,,Y,1,1,5,1,A,-,05,21650,,N,F,A,A,A,H,-,A,D,0,,,,,Y,,D,22,2,3,0,0,0,0,0,0,0,"- ","- ",38.372410000000002,-120.91882,AMADOR,UNINCORPORATED,-120.91884364000001,38.372420470000002
90555263,2017,2017-09-25,9295,2017-09-16,1320,018776,,6,1,9,0300,0,3,5,,2,001,"LATROBE RD","OLD SACRAMENTO RD",800.00,S,N,A,-,N,,,,,,,,,,Y,2,0,1,1,A,-,08,22107,,N,F,A,A,A,H,-,A,D,0,,,Y,,Y,,C,02,1,0,0,0,0,0,0,0,1,"- ","- ",38.478700000000003,-120.93085000000001,AMADOR,UNINCORPORATED,-120.93093211999999,38.478840419999997
90555920,2017,2017-09-27,9295,2017-09-24,1604,014680,,7,2,9,0300,0,3,5,,2,001,"STEINER ROAD","SHENANDOAH RD",1056.00,N,N,A,-,N,,,,,,,,,,Y,2,0,2,1,A,-,01,23152,A,N,E,I,A,A,H,-,A,D,0,,,,,Y,Y,A,01,1,1,0,0,0,0,0,0,0,"- ","- ",38.534329999999997,-120.80356,AMADOR,UNINCORPORATED,-120.80328235,38.533697259999997
90561875,2017,2017-10-03,9295,2017-08-26,0430,019003,,6,3,9,0300,0,3,5,,2,005,"SHAKE RIDGE RD","ONETO RD",528.00,E,N,A,-,N,,,,,,,,,,Y,1,1,0,1,A,-,01,23152,A,N,E,I,A,A,H,-,D,D,0,,,,,Y,Y,A,01,0,0,0,0,0,0,0,0,0,"- ","- ",38.431370000000001,-120.75384,AMADOR,UNINCORPORATED,-120.76743385,38.41757956
90571344,2017,2017-10-16,9295,2017-09-22,2123,018502,,5,2,9,0300,0,1,3,,1,031,SR-88,SR-104,4224.00,E,N,A,-,Y,,,88,,,,,,,Y,1,2,4,2,A,-,01,23152,F,N,A,C,A,A,H,-,D,D,0,,,,,Y,,A,01,2,1,1,0,0,0,0,0,0,"- ","- ",38.337319999999998,-120.89655999999999,AMADOR,UNINCORPORATED,-120.89655274,38.337308409999999
90577645,2017,2017-10-24,9295,2017-10-06,0745,014182,,5,1,9,0300,0,1,3,,1,031,"STATE ROUTE 88","BUENA VISTA ROAD",0.00,,Y,A,-,Y,,,88,,,,,,,Y,2,0,2,3,A,-,09,21802,A,N,D,C,A,A,H,-,A,A,0,,,,Y,Y,,A,01,2,0,0,0,0,0,0,0,0,"- ","- ",38.322800000000001,-120.92643,AMADOR,UNINCORPORATED,-120.92642102000001,38.322747460000002
90581521,2017,2017-10-27,9295,2017-10-18,1935,018684,,3,2,9,0300,0,3,5,,2,005,"SHAKE RIDGE RD","ALLAN RD",1500.00,E,N,A,-,N,,,,,,,,,,N,2,0,1,1,A,-,08,22107,,N,E,I,A,A,H,-,D,D,0,,,,,Y,,A,07,1,0,0,0,0,0,0,0,0,"- ","- ",38.485169999999997,-120.60436,AMADOR,UNINCORPORATED,-120.60941817,38.483523810000001
90598268,2017,2017-11-20,9295,2017-11-15,0940,014579,,3,1,9,0300,0,1,3,,1,049,SR-49,"CHURCH ST",528.00,S,N,B,C,Y,,,49,,,,,,,Y,2,0,1,1,A,-,05,21650,,N,E,I,A,B,H,-,A,D,0,,,,,Y,,D,22,1,0,0,0,0,0,0,0,0,"- ","- ",38.438330000000001,-120.85542,AMADOR,UNINCORPORATED,-120.85535811,38.438263239999998
90640765,2017,2018-01-30,9295,2017-12-24,1625,019158,,7,2,9,0300,0,1,3,,1,031,"STATE ROUTE 88","EGGIMAN LANE",1400.00,W,N,B,-,Y,,,88,,,,,,,Y,1,1,1,2,A,-,11,21954,A,N,G,B,D,A,H,-,B,D,0,Y,,,,Y,,N,60,0,0,1,1,0,0,0,0,0,"- ","- ",38.346409999999999,-120.85502,AMADOR,UNINCORPORATED,-120.8550237,38.3464223
90647349,2018,2018-01-25,9295,2018-01-15,2120,019003,,1,2,9,0300,0,2,4,,1,045,"RIDGE RD","SURREY JUNCTION LN",525.00,E,N,B,-,N,,,,,,,,,,Y,2,0,1,2,A,-,01,23152,A,N,A,C,A,A,H,-,D,D,0,,,,,Y,Y,A,01,1,0,0,0,0,0,0,0,0,"- ","- ",38.408370971679688,-120.711181640625,AMADOR,UNINCORPORATED,-120.71125793457031,38.408306121826172
90666400,2018,2018-02-22,9295,2018-01-13,0600,015164,,6,1,9,0300,0,1,3,,1,053,SR-88,"DEW DROP BYP",4224.00,E,N,A,-,Y,,,88,,,,,,,Y,1,2,1,2,A,-,01,23152,G,N,A,C,A,A,H,-,D,D,0,,,,,Y,Y,A,01,1,0,0,0,0,0,0,0,0,"- ","- ",38.513969421386719,-120.46524810791016,AMADOR,UNINCORPORATED,-120.46524810791016,38.513969421386719
90671575,2018,2018-02-28,9295,2018-02-16,0705,014182,,5,1,9,0300,0,1,3,,1,053,"STATE ROUTE 88","SILVER DRIVE",0.00,,Y,A,-,Y,,,88,,,,,,,Y,2,0,2,2,A,-,09,21802,A,N,D,C,A,A,H,-,A,A,0,,,,,Y,,D,22,1,1,0,0,0,0,0,0,0,"- ","- ",38.452110290527344,-120.52860260009766,AMADOR,UNINCORPORATED,-120.52854156494141,38.452152252197266
90672545,2018,2018-03-01,9295,2018-02-10,0002,019284,,6,3,9,0300,0,1,3,,1,016,SR-16,"WILLOW CREEK ROAD",0.00,,Y,A,-,Y,,,,,,,,,,Y,2,0,2,2,A,-,09,21802,A,N,D,C,A,A,H,-,D,A,0,,,Y,,Y,,D,22,2,0,0,0,0,0,0,0,2,"- ","- ",37.449680328369141,-120.89820861816406,AMADOR,UNINCORPORATED,-120.8980712890625,38.449748992919922
90672824,2018,2018-03-01,9295,2018-02-22,1850,016881,,4,2,9,0300,0,3,5,,2,005,"INSPIRATION DRIVE EAST","LIVE OAK ROAD",1320.00,S,N,D,-,N,,,,,,,,,,Y,2,0,1,3,A,-,03,22350,,F,E,I,E,C,H,-,D,D,0,Y,,,,Y,,D,22,1,0,0,0,1,0,0,0,0,"- ","- ",38.494228363037109,-120.5145263671875,AMADOR,UNINCORPORATED,-120.52372741699219,38.492458343505859
90675008,2018,2018-03-05,9295,2018-02-15,2500,018776,,4,4,9,0300,0,1,3,,1,053,"SR-88 E/B","MACE DR",500.00,E,N,A,-,Y,,,88,,,,,,E,Y,2,0,1,1,A,-,08,22107,,N,E,I,A,A,H,-,A,A,0,,,,,Y,,A,07,1,0,0,0,0,0,0,0,0,"- ","- ",38.467220306396484,-120.52741241455078,AMADOR,UNINCORPORATED,-120.52739715576172,38.467227935791016
90682683,2018,2018-03-15,9295,2018-02-20,1225,014408,,2,1,9,0300,0,3,5,,2,001,"SUTTER - IONE ROAD","VINTAGE DR",26.00,W,N,A,-,N,,,,,,,,,,Y,1,1,0,1,A,-,13,22515,A,N,G,B,A,A,H,-,A,D,0,,,,,Y,,D,23,0,0,0,0,0,0,0,0,0,"- ","- ",38.376300811767578,-120.88233947753906,AMADOR,UNINCORPORATED,-120.88220977783203,38.376243591308594
90696365,2018,2018-04-02,9295,2018-03-31,1300,018736,,6,1,9,0300,0,3,5,,2,003,"STONY CREEK RD","ARGONAUT LN",15840.00,W,N,A,-,N,,,,,,,,,,Y,2,0,2,1,A,-,08,22107,,N,E,I,A,A,H,-,A,D,0,,,Y,,Y,,C,02,1,1,0,0,0,0,0,0,2,"- ","- ",38.315349578857422,-120.83251190185547,AMADOR,UNINCORPORATED,-120.8275146484375,38.328899383544922
90725641,2018,2018-05-14,9295,2018-05-06,1155,015164,,7,1,9,0300,0,1,3,,2,055,SR-26,"DEFENDER GRADE RD",1056.00,N,N,A,-,Y,,,26,,,,,,,Y,2,0,2,1,A,-,05,21650,,N,F,A,A,A,H,-,A,D,0,,,Y,,Y,,C,02,1,1,0,0,0,0,0,0,2,"- ","- ",38.420028686523438,-120.57064056396484,AMADOR,UNINCORPORATED,-120.57065582275391,38.420066833496094
90730771,2018,2018-05-21,9295,2018-05-16,2030,016881,,3,2,9,0300,0,1,3,,1,053,"SR-88 E/B","NOBB HILL COURT",15.00,E,N,A,-,Y,,,88,,,,,,E,Y,2,0,1,1,A,-,01,23152,A,N,E,I,A,A,H,-,D,D,0,,,,,Y,Y,A,07,1,0,0,0,0,0,0,0,0,"- ","- ",38.460300445556641,-120.52718353271484,AMADOR,UNINCORPORATED,-120.52723693847656,38.460296630859375
90740694,2018,2018-06-04,9295,2018-05-30,0950,014182,,3,1,9,0300,0,3,5,,2,002,"IONE MICHIGAN BAR RD","SACARMENTO COUNTY LINE",1584.00,S,N,A,-,N,,,,,,,,,,Y,2,0,2,2,A,-,08,22107,,N,A,C,A,A,H,-,A,D,0,,,,,Y,,A,01,2,0,0,0,0,0,0,0,0,"- ","- ",38.405868530273438,-120.02356719970703,AMADOR,UNINCORPORATED,-121.02272796630859,38.405380249023438
90750366,2018,2018-06-18,9295,2018-06-14,0811,018736,,4,1,9,0300,0,1,3,,1,031,SR-88,"LOS RANCHOS",0.00,,Y,A,-,Y,,,88,,,,,,,Y,2,0,2,3,A,-,03,22350,,N,C,C,A,A,H,-,A,D,0,,,,,Y,,A,01,1,0,1,0,0,0,0,0,0,"- ","- ",38.345470428466797,-120.85791015625,AMADOR,UNINCORPORATED,-120.85793304443359,38.345535278320312
90751738,2018,2018-12-12,9295,2018-06-08,1509,018736,,5,2,9,0300,0,1,3,,1,064,SR-88,"DUFRENE RD",7920.00,E,N,A,-,Y,,,,,,,,,,Y,2,0,1,3,A,-,17,22109,,N,C,C,A,A,H,-,A,D,0,,,Y,,Y,,A,01,1,0,0,0,0,0,0,0,1,"- ","- ",38.599491119384766,-120.22698974609375,AMADOR,UNINCORPORATED,-120.27974700927734,38.559257507324219
90757203,2018,2018-06-27,9295,2018-06-19,1210,014579,,2,1,9,0300,0,1,3,,1,049,SR-49,"DRY CREEK",1056.00,N,N,A,-,Y,,,49,,,,,,,Y,2,0,4,2,A,-,05,21650,,N,E,I,A,A,H,-,A,D,0,,,,,Y,,D,22,1,0,3,0,0,0,0,0,0,"- ","- ",38.443008422851562,-120.85903167724609,AMADOR,UNINCORPORATED,-120.8590087890625,38.443035125732422
90760026,2018,2018-06-29,9295,2018-06-29,0910,018736,,5,1,9,0300,0,1,3,,1,031,SR-88,"LOWER RIDGE ROAD",950.00,E,N,A,-,Y,,,88,,,,,,,Y,2,0,1,1,A,-,08,22107,,N,F,A,A,A,H,-,A,D,0,,,,,Y,,A,01,1,0,0,0,0,0,0,0,0,"- ","- ",38.360050201416016,-120.81790161132812,AMADOR,UNINCORPORATED,-120.81790161132812,38.360080718994141
90760062,2018,2018-06-29,9295,2018-06-22,1350,018776,,5,1,9,0300,0,3,5,,2,001,"FIDDLETOWN RD","TYLER RD.",2600.00,E,N,A,-,N,,,,,,,,,,Y,2,0,3,1,A,-,08,22107,,N,F,A,A,A,H,-,A,D,0,,,,,Y,,A,01,2,1,0,0,0,0,0,0,0,"- ","- ",38.501968383789062,-120.748291015625,AMADOR,UNINCORPORATED,-120.74805450439453,38.502010345458984
90771912,2018,2018-07-18,9295,2018-07-10,2345,016661,,2,3,9,0300,0,1,3,,1,042,SR-88,"PREVITALI RD",2740.00,E,N,A,-,N,,,88,,,,,,,Y,2,0,1,1,A,-,08,22107,,N,E,I,A,A,H,-,D,D,0,,,,,Y,,A,07,1,0,0,0,0,0,0,0,0,"- ","- ",38.37078857421875,-120.71070861816406,AMADOR,UNINCORPORATED,-120.71070861816406,38.370773315429688
90797868,2018,2018-08-27,9295,2018-06-08,2135,019003,,5,2,9,0300,0,1,3,,1,016,SR-16,"GREILICH RD",1180.00,E,N,A,-,Y,,,16,,,,,,,Y,1,2,1,2,A,-,01,23152,F,N,A,C,A,A,H,-,D,D,0,,,,,Y,Y,A,07,1,0,0,0,0,0,0,0,0,"- ","- ",38.450679779052734,-120.88334655761719,AMADOR,UNINCORPORATED,-120.88335418701172,38.450687408447266
90806367,2018,2018-09-05,9295,2018-08-04,1343,019158,,6,1,9,0300,0,3,5,,2,003,"BUENA VISTA RD","STATE ROUTE 88",6864.00,S,N,B,-,N,,,,,,,,,,Y,1,1,0,1,A,-,01,23152,F,N,E,I,A,A,D,-,A,A,0,,,Y,,Y,,C,02,0,0,0,0,0,0,0,1,0,"- ","- ",38.305740356445312,-120.91484832763672,AMADOR,UNINCORPORATED,-120.91506195068359,38.3067626953125
90811331,2018,2018-09-12,9295,2018-09-11,0635,014182,,2,1,9,0300,0,1,3,,1,053,"STATE ROUTE 88","BUCKHORN RIDGE RD",1056.00,W,N,A,-,Y,,,88,,,,,,,Y,2,0,1,1,A,-,08,22107,,N,E,I,A,A,H,-,A,D,0,,,,,Y,,A,07,1,0,0,0,0,0,0,0,0,"- ","- ",38.443088531494141,-120.53948974609375,AMADOR,UNINCORPORATED,-120.53946685791016,38.442985534667969
90830618,2018,2018-10-08,9295,2018-09-28,1330,015164,,5,1,9,0300,0,1,3,,1,064,SR-88,"KIRKWOOD LAKE RD",1056.00,W,N,A,-,Y,,,88,,,,,,,Y,2,0,1,1,A,-,05,21650,,N,F,A,A,A,H,-,A,D,0,,,Y,,Y,,C,02,1,0,0,0,0,0,0,0,1,"- ","- ",38.705268859863281,-120.10147857666016,AMADOR,UNINCORPORATED,-120.10148620605469,38.705242156982422
90830805,2018,2018-10-08,9295,2018-10-04,0855,014182,,4,1,9,0300,0,3,5,,2,004,"CLIMAX ROAD","PIONEER DR",1056.00,E,N,B,-,N,,,,,,,,,,Y,2,0,2,2,A,-,03,22350,,N,A,C,A,B,H,-,A,A,0,,,,,Y,,A,08,1,1,0,0,0,0,0,0,0,"- ","- ",38.402671813964844,-120.70411682128906,AMADOR,UNINCORPORATED,-120.70415496826172,38.402618408203125
90830824,2018,2018-10-29,9295,2018-09-11,0800,014943,,2,1,9,0300,0,1,3,,1,031,SR-88,SR-104,0.00,,Y,A,-,Y,,,88,,,,,,,Y,1,1,1,3,A,-,09,21802,A,N,D,C,A,A,H,-,A,D,0,,,,,Y,,A,01,0,1,0,0,0,0,0,0,0,"- ","- ",38.330078125,-120.90659332275391,AMADOR,UNINCORPORATED,-120.9066162109375,38.330188751220703
90837006,2018,2018-10-16,9295,2018-10-06,1255,014182,,6,1,9,0300,0,1,3,,1,042,"STATE ROUTE 88","PREVITALI RD",1584.00,E,N,A,-,Y,,,88,,,,,,,Y,2,0,4,4,A,-,05,21460,A,N,A,C,A,A,H,-,A,D,0,,,Y,,Y,,A,01,2,1,1,0,0,0,0,0,1,"- ","- ",38.370491027832031,-120.71148681640625,AMADOR,UNINCORPORATED,-120.71150207519531,38.370513916015625
90847441,2018,2018-10-29,9295,2018-10-22,1030,015164,,1,1,9,0300,0,3,5,,2,001,"SHAKE RIDGE ROAD","RAMS HORN GRD",1056.00,W,N,A,-,N,,,,,,,,,,Y,2,0,1,1,A,-,05,21650,,N,E,I,A,A,H,-,A,D,0,,,,,Y,,A,01,1,0,0,0,0,0,0,0,0,"- ","- ",38.467620849609375,-120.63345336914062,AMADOR,UNINCORPORATED,-120.62754058837891,38.475826263427734
90856880,2018,2018-12-12,9295,2018-08-10,1105,015164,,5,1,9,0300,0,1,3,,1,064,SR-88,"MORMON EMIGRANT TRAIL",528.00,E,N,A,-,Y,,,88,,,,,,,Y,1,2,0,2,A,-,05,21460,A,N,H,C,A,A,H,-,A,D,0,,,Y,Y,Y,,G,25,0,0,0,0,0,0,0,2,0,"- ","- ",38.625099182128906,-120.20359802246094,AMADOR,UNINCORPORATED,-120.20367431640625,38.625045776367188
90870078,2018,2018-11-29,9295,2018-11-21,1725,014579,,3,2,9,0300,0,1,3,,2,024,SR-124,"TONZI ROAD",276.00,S,N,C,-,Y,,,124,,,,,,,Y,2,0,1,1,A,-,03,22350,,N,E,I,A,B,H,-,D,D,0,,,,,Y,,A,08,1,0,0,0,0,0,0,0,0,"- ","- ",38.40576171875,-120.89103698730469,AMADOR,UNINCORPORATED,-120.89092254638672,38.405708312988281
90902097,2018,2019-02-04,9295,2018-12-30,1035,019229,,7,1,9,0300,0,1,3,,2,024,SR-124,"WATERMAN ROAD",825.00,N,N,A,-,Y,,,124,,,,,,,Y,1,1,0,1,A,-,05,21650,,N,E,I,A,A,H,-,A,D,0,,,,,Y,,A,01,0,0,0,0,0,0,0,0,0,"- ","- ",38.368930816650391,-120.92034912109375,AMADOR,UNINCORPORATED,-120.92036437988281,38.368942260742188
90918319,2019,2019-02-04,9295,2019-01-25,0755,015164,,5,1,9,0300,0,1,3,,1,053,SR-88,"AQUEDUCT VOLCANO RD",528.00,W,N,A,-,Y,,,88,,,,,,,Y,2,0,2,2,A,-,03,22350,,N,A,C,A,A,B,-,A,D,0,,,,,Y,,A,01,2,0,0,0,0,0,0,0,0,"- ","- ",38.40386962890625,-120.6416015625,AMADOR,UNINCORPORATED,-120.64159393310547,38.403884887695312