CASE_ID,ACCIDENT_YEAR,PROC_DATE,JURIS,COLLISION_DATE,COLLISION_TIME,OFFICER_ID,REPORTING_DISTRICT,DAY_OF_WEEK,CHP_SHIFT,POPULATION,CNTY_CITY_LOC,SPECIAL_COND,BEAT_TYPE,CHP_BEAT_TYPE,CITY_DIVISION_LAPD,CHP_BEAT_CLASS,BEAT_NUMBER,PRIMARY_RD,SECONDARY_RD,DISTANCE,DIRECTION,INTERSECTION,WEATHER_1,WEATHER_2,STATE_HWY_IND,CALTRANS_COUNTY,CALTRANS_DISTRICT,STATE_ROUTE,ROUTE_SUFFIX,POSTMILE_PREFIX,POSTMILE,LOCATION_TYPE,RAMP_INTERSECTION,SIDE_OF_HWY,TOW_AWAY,COLLISION_SEVERITY,NUMBER_KILLED,NUMBER_INJURED,PARTY_COUNT,PRIMARY_COLL_FACTOR,PCF_CODE_OF_VIOL,PCF_VIOL_CATEGORY,PCF_VIOLATION,PCF_VIOL_SUBSECTION,HIT_AND_RUN,TYPE_OF_COLLISION,MVIW,PED_ACTION,ROAD_SURFACE,ROAD_COND_1,ROAD_COND_2,LIGHTING,CONTROL_DEVICE,CHP_ROAD_TYPE,PEDESTRIAN_ACCIDENT,BICYCLE_ACCIDENT,MOTORCYCLE_ACCIDENT,TRUCK_ACCIDENT,NOT_PRIVATE_PROPERTY,ALCOHOL_INVOLVED,STWD_VEHTYPE_AT_FAULT,CHP_VEHTYPE_AT_FAULT,COUNT_SEVERE_INJ,COUNT_VISIBLE_INJ,COUNT_COMPLAINT_PAIN,COUNT_PED_KILLED,COUNT_PED_INJURED,COUNT_BICYCLIST_KILLED,COUNT_BICYCLIST_INJURED,COUNT_MC_KILLED,COUNT_MC_INJURED,PRIMARY_RAMP,SECONDARY_RAMP,LATITUDE,LONGITUDE,COUNTY,CITY,POINT_X,POINT_Y
90923520,2019,2019-02-11,9295,2019-02-05,0900,016540,,2,1,9,0300,0,2,4,,2,012,"SHENANDOAH RD","PIGEON TRL",845.00,W,N,D,-,N,,,,,,,,,,Y,2,0,2,1,A,-,03,22350,,N,E,I,A,C,H,-,A,D,0,,,,,Y,,D,22,1,0,1,0,0,0,0,0,0,"- ","- ",38.542800903320312,-120.74433135986328,AMADOR,UNINCORPORATED,-120.74330139160156,38.546424865722656
90985355,2019,2019-07-01,9295,2019-04-01,0805,014943,,1,1,9,0300,0,2,4,,1,045,"RIDGE RD","CLIMAX RD",528.00,E,N,B,-,N,,,,,,,,,,Y,1,1,0,2,A,-,05,21460,A,N,A,C,A,A,H,-,A,D,0,,,,,Y,,D,22,0,0,0,0,0,0,0,0,0,"- ","- ",38.409870147705078,-120.70925140380859,AMADOR,UNINCORPORATED,-120.71698760986328,38.404510498046875
90997976,2019,2019-05-29,9295,2019-05-20,2337,014408,,1,3,9,0300,0,3,5,,2,003,"COAL MINE ROAD","BUENA VISTA ROAD",0.00,,Y,A,-,N,,,,,,,,,,Y,2,0,2,1,A,-,12,22450,A,N,E,I,A,A,H,-,D,A,0,,,,,Y,,A,01,1,1,0,0,0,0,0,0,0,"- ","- ",38.287670135498047,-120.91107940673828,AMADOR,UNINCORPORATED,-120.91158294677734,38.287189483642578
90999080,2019,2019-05-30,9295,2019-05-12,0015,014579,,7,3,9,0300,0,3,5,,2,002,"SUTTER CREEK IONE ROAD",SR-49,9504.00,W,N,A,-,N,,,,,,,,,,Y,2,0,3,1,A,-,05,21650,,N,F,A,A,A,H,-,A,D,0,,,,,Y,,A,01,1,1,1,0,0,0,0,0,0,"- ","- ",38.394580841064453,-120.84644317626953,AMADOR,UNINCORPORATED,-120.84618377685547,38.394657135009766
91003007,2019,2019-06-04,9295,2019-06-01,1755,019387,,6,2,9,0300,0,3,5,,2,002,"SUTTER IONE ROAD",SR-49,6864.00,W,N,A,-,N,,,,,,,,,,Y,2,0,2,1,A,-,01,23152,A,N,E,I,A,A,H,-,A,D,0,,,,,Y,Y,D,22,2,0,0,0,0,0,0,0,0,"- ","- ",38.399761199951172,-120.84358215332031,AMADOR,UNINCORPORATED,-120.84157562255859,38.399936676025391
91016914,2019,2019-06-25,9295,2019-06-16,1741,019387,,7,2,9,0300,0,1,3,,1,053,SR-88,"MARILYN LN",315.00,W,N,A,-,Y,,,,,,,,,,Y,2,0,1,1,A,-,01,23152,A,N,E,I,A,A,H,-,A,D,0,,,,,Y,Y,A,07,1,0,0,0,0,0,0,0,0,"- ","- ",38.428600311279297,-120.60070037841797,AMADOR,UNINCORPORATED,-120.60057067871094,38.420753479003906
91017089,2019,2019-06-25,9295,2019-06-10,1545,019389,,1,2,9,0300,0,1,3,,1,049,SR-49,"SANDRA RD",528.00,S,N,A,-,Y,,,49,,,,,,,Y,1,1,4,2,A,-,05,21460,A,N,A,C,A,A,H,-,A,D,0,,,,,Y,,A,07,4,0,0,0,0,0,0,0,0,"- ","- ",38.322551727294922,-120.72940826416016,AMADOR,UNINCORPORATED,-120.72938537597656,38.322578430175781
91017518,2019,2019-06-25,9295,2019-06-11,0945,019336,,2,1,9,0300,0,1,3,,2,024,SR-124,"WILLOW CREEK ROAD",1000.00,S,N,A,-,Y,,,124,,,,,,,Y,2,0,4,2,A,-,08,22107,,N,C,E,A,A,H,-,A,D,0,,,,,Y,,D,22,2,1,1,0,0,0,0,0,0,"- ","- ",38.387710571289062,-120.90753173828125,AMADOR,UNINCORPORATED,-120.90758514404297,38.387725830078125
91021858,2018,2020-03-13,9295,2018-08-29,2500,016994,,3,4,9,0300,0,1,3,,1,016,SR-16,"MORIAH HEIGHTS RD",1056.00,E,N,A,-,Y,,,,,,,,,,Y,1,1,0,1,A,-,08,22107,,N,E,I,A,A,H,-,A,D,0,,,,,Y,,A,01,0,0,0,0,0,0,0,0,0,"- ","- ",38.483619689941406,-120.00991058349609,AMADOR,UNINCORPORATED,-121.01180267333984,38.483154296875
91049764,2019,2019-08-12,9295,2019-08-02,1915,016994,,5,2,9,0300,0,3,5,,2,003,"CAMANCHE RD","CURRAN RD",2350.00,N,N,A,-,N,,,,,,,,,,Y,2,0,1,1,A,-,01,23152,A,N,E,I,A,A,H,-,A,A,0,,,,,Y,Y,D,22,1,0,0,0,0,0,0,0,0,"- ","- ",38.282878875732422,-120.93190002441406,AMADOR,UNINCORPORATED,-120.93292999267578,38.282684326171875
91049791,2019,2019-08-12,9295,2019-08-04,1615,019387,,7,2,9,0300,0,3,5,,2,005,"TABEAUD ROAD","MAMRE ROAD",20.00,N,N,A,-,N,,,,,,,,,,Y,2,0,1,1,A,-,01,23152,A,N,E,I,A,A,H,-,A,D,0,,,Y,,Y,Y,C,02,1,0,0,0,0,0,0,0,1,"- ","- ",38.396511077880859,-120.64383697509766,AMADOR,UNINCORPORATED,-120.64380645751953,38.396244049072266
91050161,2019,2019-08-12,9295,2019-08-03,1845,019389,,6,2,9,0300,0,1,3,,2,055,SR-26,"DEFENDER GRADE RD",580.00,W,N,A,-,Y,,,26,,,,,,,Y,2,0,1,1,A,-,05,21650,,N,F,A,A,A,H,-,A,D,0,,,Y,,Y,,C,02,1,0,0,0,0,0,0,0,1,"- ","- ",38.418159484863281,-120.56085968017578,AMADOR,UNINCORPORATED,-120.56089019775391,38.418201446533203
91054479,2019,2020-03-02,9295,2019-08-15,1200,019158,,4,1,9,0300,0,1,3,,2,020,SR-104,"IONE MICHIGAN BAR RD",1056.00,W,N,A,-,Y,,,104,,,,,,,Y,1,1,0,2,A,-,03,22350,,N,B,C,A,A,H,-,A,D,0,,,,,Y,,A,01,0,0,0,0,0,0,0,0,0,"- ","- ",38.380619049072266,-120.98954010009766,AMADOR,UNINCORPORATED,-120.98954010009766,38.380626678466797
91058303,2019,2019-08-23,9295,2019-08-15,1545,019284,,4,2,9,0300,0,1,3,,1,049,SR-49,SR-88,0.00,,Y,A,-,Y,,,49,,,,,,,Y,2,0,4,3,A,-,12,21453,A,N,D,C,A,A,H,-,A,A,0,,,,Y,Y,,A,07,2,2,0,0,0,0,0,0,0,"- ","- ",38.365360260009766,-120.79480743408203,AMADOR,UNINCORPORATED,-120.79459381103516,38.365653991699219
91075170,2019,2019-09-16,9295,2019-09-09,1805,019387,,1,2,9,0300,0,3,5,,2,004,"SUTTER CREEK ROAD","PINE GULCH ROAD",0.00,,Y,A,-,N,,,,,,,,,,N,2,0,1,2,A,-,09,21801,A,N,H,G,A,A,H,-,A,A,0,,Y,,,Y,,D,22,1,0,0,0,0,0,1,0,0,"- ","- ",38.407310485839844,-120.76629638671875,AMADOR,UNINCORPORATED,-120.76593017578125,38.407299041748047
91078766,2019,2019-09-19,9295,2019-07-19,2222,016661,,5,3,9,0300,0,1,3,,1,013,SR-49,"BELL RD",198.00,N,N,A,-,Y,,,49,,,,,,,Y,1,1,0,1,A,-,01,23152,A,N,E,I,A,A,H,-,D,D,0,,,,,Y,Y,D,22,0,0,0,0,0,0,0,0,0,"- ","- ",38.540229797363281,-120.84731292724609,AMADOR,UNINCORPORATED,-120.84730529785156,38.540233612060547
91088151,2019,2019-10-01,9295,2019-09-27,1025,014182,,5,1,9,0300,0,1,3,,1,053,"STATE ROUTE 88","ROCKY LANE",1584.00,E,N,A,-,Y,,,88,,,,,,,Y,2,0,1,1,A,-,03,22350,,N,F,A,A,A,H,-,A,A,0,,,Y,,Y,,C,02,1,0,0,0,0,0,0,0,1,"- ","- ",38.420501708984375,-120.60005187988281,AMADOR,UNINCORPORATED,-120.60060119628906,38.420711517333984
91103187,2019,2019-10-22,9295,2019-10-13,1250,014579,,7,1,9,0300,0,1,3,,2,055,"SR-26 (RED CORRAL ROAD)","ALAIRE LANE",10.00,N,N,A,-,Y,,,26,,,,,,,Y,2,0,1,1,A,-,05,21650,,N,E,I,A,A,H,-,A,D,0,,,Y,,Y,,C,02,1,0,0,0,0,0,0,0,1,"- ","- ",38.418758392333984,-120.59793853759766,AMADOR,UNINCORPORATED,-120.59829711914062,38.418270111083984
91141348,2019,2019-12-11,9295,2019-12-07,1055,019389,,6,1,9,0300,0,1,3,,1,049,SR-49,"SUTTER IONE RD",3696.00,S,N,B,-,Y,,,49,,,,,,,Y,2,0,1,2,A,-,08,22107,,N,A,C,A,B,H,-,A,D,0,,,,,Y,,D,22,1,0,0,0,0,0,0,0,0,"- ","- ",38.390178680419922,-120.81523895263672,AMADOR,UNINCORPORATED,-120.81519317626953,38.390201568603516
91146254,2019,2019-12-18,9295,2019-12-11,2135,019387,,3,2,9,0300,0,3,5,,2,003,"UPPER JACKSON VALLEY ROAD",SR-88,2820.00,S,N,B,C,N,,,,,,,,,,Y,2,0,2,1,A,-,03,22350,,N,E,I,A,B,H,-,D,D,0,,,,,Y,,A,01,1,0,1,0,0,0,0,0,0,"- ","- ",38.322109222412109,-120.90696716308594,AMADOR,UNINCORPORATED,-120.9072265625,38.322666168212891
91175111,2019,2020-02-04,9295,2019-10-21,1942,016661,,1,2,9,0300,0,1,3,,1,031,SR-88,"BLUE SKY DR",230.00,W,N,A,-,Y,,,88,,,,,,,Y,1,4,1,3,A,-,03,22350,,N,C,C,A,A,H,-,D,D,0,,,,,Y,,A,07,1,0,0,0,0,0,0,0,0,"- ","- ",38.343959808349609,-120.88108062744141,AMADOR,UNINCORPORATED,-120.88107299804688,38.344024658203125
91189224,2020,2020-02-19,9295,2020-02-12,1145,016245,,3,1,9,0300,0,2,4,,2,012,"SHENANDOAH RD","SHENANDOAH SCHOOL RD.",1584.00,W,N,A,-,N,,,,,,,,,,Y,2,0,2,2,A,-,03,22350,,N,F,A,A,A,H,-,A,D,0,,,Y,,Y,,C,02,1,1,0,0,0,0,0,0,1,"- ","- ",38.491901397705078,-120.83054351806641,AMADOR,UNINCORPORATED,-120.82881164550781,38.500644683837891
91199626,2020,2020-03-02,9295,2020-02-21,1520,019387,,5,2,9,0300,0,1,3,,1,064,"STATE ROUTE 88","PANTHER CREEK ROAD",5300.00,W,N,A,-,Y,,,88,,,,,,,Y,2,0,1,1,A,-,01,23152,A,N,E,I,A,A,H,-,A,D,0,,,Y,,Y,Y,C,02,1,0,0,0,0,0,0,0,1,"- ","- ",38.540569305419922,-120.38938903808594,AMADOR,UNINCORPORATED,-120.38937377929688,38.540512084960938
9120285,2020,2020-10-20,0305,2020-06-05,1632,G1035,STC,5,5,1,0305,0,0,0,,0,,"OLD 49","SPANISH ST",1056.00,N,N,A,-,N,,,,,,,,,,Y,2,0,1,1,A,-,08,22107,,N,F,I,A,A,H,-,A,D,0,,,,,Y,Y,D,22,1,0,0,0,0,0,0,0,0,"- ","- ",38.396129608154297,-120.80731201171875,AMADOR,"SUTTER CREEK",-120.81158447265625,38.402416229248047
91204256,2020,2020-03-09,9295,2020-03-06,1235,016245,,5,1,9,0300,0,2,4,,2,012,"SHENANDOAH RD.","DICKSON RD.",0.00,,Y,A,-,N,,,,,,,,,,Y,2,0,3,3,A,-,09,21801,A,N,D,C,A,A,H,-,A,A,0,,,,,Y,,D,22,1,0,2,0,0,0,0,0,0,"- ","- ",38.5211181640625,-120.82038879394531,AMADOR,UNINCORPORATED,-120.8203125,38.521080017089844
91216324,2020,2020-03-26,9295,2020-03-17,0820,014182,,2,1,9,0300,0,1,3,,1,053,"STATE ROUTE 88","DEFENDER GRADE RD",348.00,E,N,A,-,Y,,,88,,,,,,,Y,2,0,6,2,A,-,03,22350,,N,D,C,A,C,H,-,A,A,0,,,,,Y,,D,22,2,1,3,0,0,0,0,0,0,"- ","- ",38.431831359863281,-120.57074737548828,AMADOR,UNINCORPORATED,-120.57074737548828,38.431816101074219
91220907,2020,2020-04-06,9295,2020-04-02,1125,016881,,4,1,9,0300,0,1,3,,1,053,SR-88,"SILVER DRIVE",528.00,W,N,A,-,Y,,,,,,,,,,Y,2,0,1,1,C,-,18,,,N,H,H,A,A,H,-,A,D,0,,,Y,,Y,,-,"- ",1,0,0,0,0,0,0,0,1,"- ","- ",38.449359893798828,-121.52809906005859,AMADOR,UNINCORPORATED,-120.52957153320312,38.453330993652344
91233129,2020,2020-05-04,9295,2020-04-30,2022,019387,,4,2,9,0300,0,1,3,,1,053,SR-88,"SUGAR PINE DRIVE",400.00,E,N,A,-,Y,,,88,,,,,,,Y,2,0,1,1,C,-,18,,,N,E,H,A,A,H,-,D,D,0,,,Y,,Y,,-,"- ",1,0,0,0,0,0,0,0,1,"- ","- ",38.469898223876953,-120.52722930908203,AMADOR,UNINCORPORATED,-120.52729797363281,38.469951629638672
91237786,2020,2020-05-14,9295,2020-04-26,0214,020459,,7,3,9,0300,0,2,4,,2,012,"SHENANDOAH RD","SHENANDOAH SCHOOL RD",3168.00,E,N,A,-,N,,,,,,,,,,Y,2,0,2,1,A,-,01,23152,A,N,E,I,A,A,H,-,D,D,0,,,,,Y,Y,D,22,1,1,0,0,0,0,0,0,0,"- ","- ",38.504589080810547,-120.82588958740234,AMADOR,UNINCORPORATED,-120.83444976806641,38.489738464355469
91238259,2020,2020-05-15,9295,2020-03-29,1955,019284,,7,2,9,0300,0,1,3,,1,016,SR-16,"WELSH POND ROAD",724.00,W,N,A,-,Y,,,16,,,,,,,Y,1,3,3,2,A,-,01,23152,A,N,A,C,A,A,H,-,D,D,0,,,,,Y,Y,A,01,3,0,0,0,0,0,0,0,0,"- ","- ",38.458759307861328,-120.92967987060547,AMADOR,UNINCORPORATED,-120.92967987060547,38.458755493164062
91242280,2020,2020-05-26,9295,2020-05-23,1515,019387,,6,2,9,0300,0,3,5,,2,004,"CLINTON ROAD","CIPRIANO RD",433.00,E,N,A,-,N,,,,,,,,,,Y,2,0,1,1,A,-,01,23152,A,N,E,I,A,A,H,-,A,D,0,,,,,Y,Y,D,22,1,0,0,0,0,0,0,0,0,"- ","- ",38.352310180664062,-120.72590637207031,AMADOR,UNINCORPORATED,-120.72608184814453,38.3524169921875
91242436,2020,2020-05-26,9295,2020-05-26,0750,018684,,2,1,9,0300,0,2,4,,1,043,"RIDGE RD","HAMRICKS GRADE",50.00,W,N,A,-,N,,,,,,,,,,Y,2,0,1,1,C,-,18,,,N,H,H,A,A,H,-,A,D,0,,,Y,,Y,,-,"- ",1,0,0,0,0,0,0,0,1,"- ","- ",38.400108337402344,-120.75328826904297,AMADOR,UNINCORPORATED,-120.753173828125,38.400360107421875
91252872,2020,2020-06-16,9295,2020-06-06,0040,016994,,6,3,9,0300,0,1,3,,1,031,SR-88,"SUTTER CREEK RANCHOS RD",20.00,W,N,A,-,Y,,,88,,,,,,,Y,2,0,1,1,A,-,01,23152,A,N,E,I,A,A,H,-,D,D,0,,,,,Y,Y,A,07,1,0,0,0,0,0,0,0,0,"- ","- ",38.344108581542969,-120.86489868164062,AMADOR,UNINCORPORATED,-120.86489868164062,38.344062805175781
91256587,2020,2020-06-24,9295,2020-06-16,0005,016994,,2,3,9,0300,0,3,5,,2,004,"CLIMAX RD","RIDGE RD (UPPER)",2640.00,E,N,A,-,N,,,,,,,,,,N,2,0,1,1,A,-,08,22107,,N,F,A,A,A,H,-,D,D,0,,,Y,,Y,Y,C,02,1,0,0,0,0,0,0,0,1,"- ","- ",38.404560089111328,-120.71453857421875,AMADOR,UNINCORPORATED,-120.70785522460938,38.403945922851562
91260217,2020,2020-06-29,9295,2020-05-27,0950,014943,,3,1,9,0300,0,1,3,,1,064,SR-88,"INSPIRATION DR  EAST",1584.00,E,N,A,-,Y,,,88,,,,,,,Y,2,0,1,1,A,-,05,21650,,N,E,I,A,A,H,-,A,D,0,,,,,Y,,J,48,1,0,0,0,0,0,0,0,0,"- ","- ",38.496189117431641,-120.50624847412109,AMADOR,UNINCORPORATED,-120.50669860839844,38.496566772460938
91261393,2020,2020-07-01,9295,2020-06-19,1950,019387,,5,2,9,0300,0,3,5,,2,002,"MICHIGAN BAR ROAD",SR-104,4920.00,N,N,A,-,N,,,,,,,,,,Y,2,0,2,1,A,-,01,23152,A,N,E,I,A,A,H,-,A,D,0,,,,,Y,Y,D,22,1,1,0,0,0,0,0,0,0,"- ","- ",38.388401031494141,-120.99350738525391,AMADOR,UNINCORPORATED,-120.99373626708984,38.388328552246094
9127161,2020,2021-02-22,0302,2020-03-09,0630,X3850,IOC,1,5,2,0302,0,0,0,,0,IOC,"RT 104","RT 104 4001",0.00,,Y,A,-,Y,AMA,10,104,-,R,4.300,H,-,W,Y,2,0,1,3,A,-,09,21801,A,N,D,C,A,-,H,-,D,D,0,,,Y,,Y,,A,01,1,0,0,0,0,0,0,0,1,"- ","- ",38.368801116943359,-120.95934295654297,AMADOR,IONE,-120.95565032958984,38.367374420166016
91278596,2020,2020-07-31,9295,2020-07-23,1405,019003,,4,2,9,0300,0,1,3,,1,053,SR-88,"MARILYN LN",528.00,W,N,A,-,Y,,,88,,,,,,,Y,2,0,1,2,A,-,05,21460,A,N,B,C,A,A,H,-,A,D,0,,,Y,,Y,,C,02,1,0,0,0,0,0,0,0,1,"- ","- ",38.420230865478516,-120.60115051269531,AMADOR,UNINCORPORATED,-120.60115051269531,38.420242309570312
91286348,2020,2020-08-14,9295,2020-08-07,1450,019003,,5,2,9,0300,0,1,3,,2,055,SR-26,"JOYCE RD",900.00,W,N,A,-,Y,,,26,,,,,,,Y,2,0,1,1,A,-,08,22107,,N,E,I,A,A,H,-,A,D,0,,,,,Y,,A,07,1,0,0,0,0,0,0,0,0,"- ","- ",38.420040130615234,-120.57080841064453,AMADOR,UNINCORPORATED,-120.57079315185547,38.420005798339844
91286396,2020,2020-08-14,9295,2020-08-11,0935,016881,,2,1,9,0300,0,3,5,,2,005,"RAMS HORN GRADE ROAD","BARONE ROAD",2112.00,N,N,A,-,Y,,,,,,,,,,Y,2,0,1,1,A,-,08,22107,,N,E,I,A,A,H,-,A,D,0,,,Y,,Y,,C,02,1,0,0,0,0,0,0,0,1,"- ","- ",38.450160980224609,-120.61904144287109,AMADOR,UNINCORPORATED,-120.61807250976562,38.4517822265625
91290351,2020,2020-08-21,9295,2020-08-13,1350,019387,,4,1,9,0300,0,1,3,,1,064,"STATE ROUTE 88","CAT CREEK ROAD",4752.00,E,N,A,-,Y,,,88,,,,,,,N,2,0,1,2,A,-,08,22107,,N,B,C,A,A,H,-,A,D,0,,,Y,,Y,,C,02,1,0,0,0,0,0,0,0,1,"- ","- ",38.546661376953125,-120.35224914550781,AMADOR,UNINCORPORATED,-120.35243988037109,38.546100616455078
91291166,2020,2020-08-24,9295,2020-07-05,1320,019387,,7,1,9,0300,0,3,5,,2,001,"OLD SACRAMENTO ROAD","OLD OAKER ROAD",8.00,W,N,A,-,N,,,,,,,,,,Y,1,1,0,1,A,-,01,23152,F,N,E,I,A,A,H,-,A,D,0,,,Y,,Y,,C,02,0,0,0,0,0,0,0,1,0,"- ","- ",38.480449676513672,-120.86618041992188,AMADOR,UNINCORPORATED,-120.86586761474609,38.480564117431641
91291428,2020,2020-08-24,9295,2020-08-17,2045,019229,,1,2,9,0300,0,3,5,,2,003,"STONEY CREEK RD","ARGONAUT LN",8448.00,W,N,A,-,N,,,,,,,,,,Y,2,0,4,1,A,-,03,22350,,N,E,I,A,A,H,-,D,D,0,,,,,Y,,A,07,1,1,2,0,0,0,0,0,0,"- ","- ",38.340579986572266,-120.81134033203125,AMADOR,UNINCORPORATED,-120.81092834472656,38.340702056884766
91300768,2020,2020-09-08,9295,2020-08-28,1345,016881,,5,1,9,0300,0,1,3,,1,064,SR-88,"OMO RANCH ROAD",1584.00,E,N,A,-,Y,,,88,,,,,,,Y,2,0,2,2,A,-,05,21460,A,N,B,C,A,A,H,-,A,D,0,,,,Y,Y,,B,07,2,0,0,0,0,0,0,0,0,"- ","- ",38.528751373291016,-120.43028259277344,AMADOR,UNINCORPORATED,-120.43027496337891,38.528736114501953
91301309,2020,2020-09-09,9295,2020-09-07,1655,018684,,1,2,9,0300,0,1,3,,2,055,SR-26,"MARILYN LN",80.00,S,N,A,-,Y,,,26,,,,,,,Y,2,0,2,1,A,-,01,23152,A,N,E,I,A,A,H,-,A,D,0,,,,,Y,Y,D,22,2,0,0,0,0,0,0,0,0,"- ","- ",38.417339324951172,-120.59635925292969,AMADOR,UNINCORPORATED,-120.59638214111328,38.417308807373047
91308516,2020,2020-09-28,9295,2020-09-12,2224,018304,,6,3,9,0300,0,1,3,,1,031,SR-88,"SAN JOAQUIN COUNTY LINE",3168.00,E,N,A,-,Y,,,,,,,,,,Y,2,0,3,5,A,-,03,22350,,N,C,C,E,A,G,-,D,D,0,Y,,,,Y,,A,01,2,1,0,0,2,0,0,0,0,"- ","- ",38.280750274658203,-120.01016235351562,AMADOR,UNINCORPORATED,,
91310753,2020,2020-09-24,9295,2020-09-15,1355,014943,,2,1,9,0300,0,3,5,,2,002,"INDUSTRY BLVD",SR-49,20.00,W,N,A,-,N,,,,,,,,,,N,2,0,1,2,A,-,11,21950,B,N,G,B,D,A,H,-,A,A,0,Y,,,,Y,,N,60,1,0,0,0,1,0,0,0,0,"- ","- ",38.370548248291016,-120.79354858398438,AMADOR,UNINCORPORATED,-120.79857635498047,38.370510101318359
91316357,2020,2020-10-02,9295,2020-08-04,1700,019158,,2,2,9,0300,0,3,5,,2,003,"CAMANCHE PARKWAY NORTH","COAL MINE ROAD",0.00,,Y,A,-,N,,,,,,,,,,Y,1,1,0,1,A,-,01,23152,F,N,F,A,A,A,H,-,A,D,0,,,Y,,Y,,C,02,0,0,0,0,0,0,0,1,0,"- ","- ",38.259021759033203,-120.91912841796875,AMADOR,UNINCORPORATED,-120.91925048828125,38.258918762207031
91321911,2020,2020-10-12,9295,2020-08-22,1730,019284,,6,2,9,0300,0,1,3,,2,055,SR-26,"DEFENDER GRADE RD",1056.00,N,N,A,-,Y,,,26,,,,,,,Y,1,1,0,1,A,-,01,23152,F,N,F,A,A,A,H,-,C,D,0,,,Y,,Y,,C,02,0,0,0,0,0,0,0,1,0,"- ","- ",38.418048858642578,-120.56220245361328,AMADOR,UNINCORPORATED,-120.56218719482422,38.4180908203125
91324446,2020,2020-10-15,9295,2020-07-12,1230,019003,,7,1,9,0300,0,1,3,,1,053,SR-88,"OMO RANCH RD",2640.00,W,N,A,-,Y,,,88,,,,,,,Y,2,0,2,1,A,-,01,23152,F,N,E,I,A,A,H,-,A,D,0,,,,,Y,,A,01,1,0,1,0,0,0,0,0,0,"- ","- ",38.522800445556641,-120.44683837890625,AMADOR,UNINCORPORATED,-120.44687652587891,38.522838592529297
91340047,2020,2020-11-05,9295,2020-11-01,0530,016881,,7,3,9,0300,0,1,3,,1,064,SR-88,"FOSTER MEADOW ROAD",5280.00,E,N,A,-,Y,,,88,,,,,,,Y,2,0,1,1,A,-,08,22107,,N,E,I,A,A,H,-,D,D,0,,,,Y,Y,,F,26,1,0,0,0,0,0,0,0,0,"- ","- ",38.591091156005859,-120.22956085205078,AMADOR,UNINCORPORATED,-120.22962188720703,38.591110229492188
91358199,2020,2020-12-03,9295,2020-11-27,1718,016699,,5,2,9,0300,0,3,5,,2,003,"COAL MINE RD","BUENA VISTA RD",2640.00,S,N,A,-,N,,,,,,,,,,N,2,0,1,2,C,-,18,,,N,G,B,E,A,H,-,D,D,0,Y,,,,Y,,-,"- ",1,0,0,0,1,0,0,0,0,"- ","- ",38.279449462890625,-120.91153717041016,AMADOR,UNINCORPORATED,-120.91152191162109,38.279956817626953
91378192,2020,2021-02-03,9295,2020-11-08,1635,016661,,7,2,9,0300,0,1,3,,1,016,"RT 16","WILLOW CREEK RD.",486.00,W,N,A,-,Y,,,16,,,,,,,Y,1,1,0,1,A,-,01,23152,F,N,F,A,A,A,H,-,A,D,0,,,,,Y,,D,22,0,0,0,0,0,0,0,0,0,"- ","- ",38.449710845947266,-120.89858245849609,AMADOR,UNINCORPORATED,-120.89857482910156,38.449764251708984
91384480,2020,2021-01-08,9295,2020-12-24,1200,019158,,4,1,9,0300,0,1,3,,1,049,SR-49,"TRADE CENTER DRIVE",24.00,S,N,B,-,Y,,,49,,,,,,,Y,2,0,1,1,A,-,13,22515,A,N,H,J,A,A,H,-,A,D,0,,,,,Y,,D,22,1,0,0,0,0,0,0,0,0,"- ","- ",38.370449066162109,-120.79827880859375,AMADOR,UNINCORPORATED,-120.79837036132812,38.370380401611328
91385383,2021,2021-01-11,9295,2021-01-02,2140,018304,,6,2,9,0300,0,3,5,,2,003,"BUENA VISTA RD","JACKSON VALLEY RD",555.00,N,N,B,-,N,,,,,,,,,,Y,2,0,4,1,A,-,05,21650,,N,E,I,A,B,H,-,D,D,0,,,,,Y,,A,01,1,3,0,0,0,0,0,0,0,"- ","- ",38.296001434326172,-120.91355133056641,AMADOR,UNINCORPORATED,-120.91347503662109,38.295921325683594
91449359,2021,2021-04-13,9295,2021-04-05,1740,016661,,1,2,9,0300,0,3,5,,2,001,"FIDDLETOWN RD.","QUARTZ MOUNTAIN RD  N",7022.00,W,N,A,-,N,,,,,,,,,,Y,2,0,1,1,A,-,05,21650,,N,E,I,A,A,H,-,A,D,0,,,,,Y,,D,22,1,0,0,0,0,0,0,0,0,"- ","- ",38.504131317138672,-120.78317260742188,AMADOR,UNINCORPORATED,-120.78388214111328,38.503158569335938