CASE_ID,ACCIDENT_YEAR,PROC_DATE,JURIS,COLLISION_DATE,COLLISION_TIME,OFFICER_ID,REPORTING_DISTRICT,DAY_OF_WEEK,CHP_SHIFT,POPULATION,CNTY_CITY_LOC,SPECIAL_COND,BEAT_TYPE,CHP_BEAT_TYPE,CITY_DIVISION_LAPD,CHP_BEAT_CLASS,BEAT_NUMBER,PRIMARY_RD,SECONDARY_RD,DISTANCE,DIRECTION,INTERSECTION,WEATHER_1,WEATHER_2,STATE_HWY_IND,CALTRANS_COUNTY,CALTRANS_DISTRICT,STATE_ROUTE,ROUTE_SUFFIX,POSTMILE_PREFIX,POSTMILE,LOCATION_TYPE,RAMP_INTERSECTION,SIDE_OF_HWY,TOW_AWAY,COLLISION_SEVERITY,NUMBER_KILLED,NUMBER_INJURED,PARTY_COUNT,PRIMARY_COLL_FACTOR,PCF_CODE_OF_VIOL,PCF_VIOL_CATEGORY,PCF_VIOLATION,PCF_VIOL_SUBSECTION,HIT_AND_RUN,TYPE_OF_COLLISION,MVIW,PED_ACTION,ROAD_SURFACE,ROAD_COND_1,ROAD_COND_2,LIGHTING,CONTROL_DEVICE,CHP_ROAD_TYPE,PEDESTRIAN_ACCIDENT,BICYCLE_ACCIDENT,MOTORCYCLE_ACCIDENT,TRUCK_ACCIDENT,NOT_PRIVATE_PROPERTY,ALCOHOL_INVOLVED,STWD_VEHTYPE_AT_FAULT,CHP_VEHTYPE_AT_FAULT,COUNT_SEVERE_INJ,COUNT_VISIBLE_INJ,COUNT_COMPLAINT_PAIN,COUNT_PED_KILLED,COUNT_PED_INJURED,COUNT_BICYCLIST_KILLED,COUNT_BICYCLIST_INJURED,COUNT_MC_KILLED,COUNT_MC_INJURED,PRIMARY_RAMP,SECONDARY_RAMP,LATITUDE,LONGITUDE,COUNTY,CITY,POINT_X,POINT_Y
91459650,2021,2021-04-27,9295,2021-04-18,1650,018684,,7,2,9,0300,0,3,5,,2,004,"SUTTER CREEK VOLCANO RD","PINE GROVE VOLCANO RD",820.00,W,N,A,-,N,,,,,,,,,,Y,2,0,2,1,A,-,01,23152,A,F,E,I,A,A,H,-,A,D,0,,,,,Y,Y,A,01,2,0,0,0,0,0,0,0,0,"- ","- ",38.440631866455078,-120.63478851318359,AMADOR,UNINCORPORATED,-120.63482666015625,38.440498352050781
91469064,2021,2021-05-27,9295,2021-04-25,1945,016661,,7,2,9,0300,0,1,3,,1,053,"SR 88","RANCH RD",951.00,W,N,A,C,N,,,88,,,,,,,Y,2,0,1,1,A,-,01,23152,A,N,E,I,A,B,H,-,D,D,0,,,,,Y,Y,A,01,1,0,0,0,0,0,0,0,0,"- ","- ",38.407711029052734,-120.62036895751953,AMADOR,UNINCORPORATED,-120.62046051025391,38.407756805419922
91485047,2021,2021-05-28,9295,2021-05-18,1325,016245,,2,1,9,0300,0,1,3,,2,024,SR-124,"BUENA VISTA RD.",0.00,,Y,A,-,Y,,,124,,,,,,,Y,2,0,2,3,A,-,05,21752,D,N,C,C,A,A,H,-,A,A,0,,,Y,,Y,,C,02,2,0,0,0,0,0,0,0,2,"- ","- ",38.331378936767578,-120.93596649169922,AMADOR,UNINCORPORATED,-120.93595886230469,38.331378936767578
91508854,2021,2021-06-29,9295,2021-06-24,0200,019389,,4,3,9,0300,0,3,5,,2,001,"LATROBE RD","LORENTZ RD",5280.00,N,N,A,-,N,,,,,,,,,,Y,2,0,2,1,A,-,05,21650,,N,E,I,A,A,H,-,D,D,0,,,,,Y,,A,07,2,0,0,0,0,0,0,0,0,"- ","- ",38.506851196289062,-120.94442749023438,AMADOR,UNINCORPORATED,-120.94493865966797,38.507377624511719
91508912,2021,2021-07-02,9295,2021-06-25,2040,020459,,5,2,9,0300,0,1,3,,1,064,SR-88,"MUDD LAKE ROAD",319.00,E,N,A,-,Y,,,88,,,,,,,Y,2,0,1,1,A,-,08,22107,,N,E,I,A,A,H,-,B,D,0,,,,,Y,,A,01,1,0,0,0,0,0,0,0,0,"- ","- ",38.637321472167969,-120.14092254638672,AMADOR,UNINCORPORATED,-120.14093017578125,38.637405395507812
91513750,2021,2021-07-06,9295,2021-07-02,2110,019389,,5,2,9,0300,0,2,4,,1,045,"RIDGE RD","DAPPLE DR",1056.00,W,N,A,-,N,,,,,,,,,,Y,2,0,1,1,A,-,05,21650,,N,E,I,A,A,H,-,D,D,0,,,,,Y,,D,22,1,0,0,0,0,0,0,0,0,"- ","- ",38.410449981689453,-120.70709991455078,AMADOR,UNINCORPORATED,-120.7078857421875,38.410331726074219
91521396,2021,2021-07-15,9295,2021-07-04,0830,019003,,7,1,9,0300,0,2,4,,1,045,"RIDGE RD","SURREY JUNCTION RD",452.00,W,N,A,-,N,,,,,,,,,,Y,2,0,4,2,A,-,03,22350,,N,C,C,A,A,H,-,A,D,0,,,,,Y,,D,22,1,0,3,0,0,0,0,0,0,"- ","- ",38.406040191650391,-120.71337890625,AMADOR,UNINCORPORATED,-120.71326446533203,38.406143188476562
91555141,2021,2021-08-26,9295,2021-07-20,0150,016994,,2,3,9,0300,0,2,4,,1,043,"RIDGE RD","RUNNING GOLD RD",2112.00,E,N,A,-,N,,,,,,,,,,Y,2,0,1,1,A,-,05,21650,,F,E,I,A,A,H,-,C,D,0,,,,,Y,,A,01,1,0,0,0,0,0,0,0,0,"- ","- ",38.390640258789062,-120.77014923095703,AMADOR,UNINCORPORATED,-120.77021026611328,38.390522003173828
91557306,2021,2021-08-27,9295,2021-08-20,1550,019158,,5,2,9,0300,0,1,3,,1,049,SR-49,"MIDDLE BAR RD",1950.00,S,N,A,-,Y,,,49,,,,,,,Y,2,0,5,2,A,-,08,22107,,N,D,C,A,A,H,-,A,D,0,,,,Y,Y,,A,08,1,0,4,0,0,0,0,0,0,"- ","- ",38.328998565673828,-120.74771118164062,AMADOR,UNINCORPORATED,-120.74769592285156,38.329013824462891
91560346,2021,2021-09-01,9295,2021-08-22,1745,016994,,7,2,9,0300,0,3,5,,2,003,"JACKSON VALLEY RD",SR-88,2640.00,S,N,A,-,N,,,,,,,,,,N,2,0,1,1,A,-,01,23152,A,N,E,I,A,A,H,-,A,D,0,,,,,Y,Y,D,22,1,0,0,0,0,0,0,0,0,"- ","- ",38.323501586914062,-120.90688323974609,AMADOR,UNINCORPORATED,-120.962890625,38.304840087890625
91587000,2021,2021-10-04,9295,2021-09-16,1203,016799,,4,1,2,0303,0,2,4,,1,043,"RIDGE RD","RIDGE FRONTAGE ROAD (W)",40.00,E,N,A,-,N,,,,,,,,,,Y,2,0,1,1,A,-,01,23152,A,N,E,I,A,A,H,-,A,D,0,,,,,Y,Y,A,01,1,0,0,0,0,0,0,0,0,"- ","- ",38.396141052246094,-120.75936889648438,AMADOR,JACKSON,-117.08153533935547,34.208644866943359
91603151,2021,2021-10-21,9295,2021-09-20,1045,016881,,1,1,9,0300,0,1,3,,1,016,"CAMANCHE PARKWAY NORTH","CHINA GULCH ROAD",528.00,W,N,A,-,N,,,,,,,,,,Y,2,0,1,1,A,-,08,22107,,N,E,I,A,A,H,-,A,D,0,,,,,Y,,D,22,1,0,0,0,0,0,0,0,0,"- ","- ",38.251129150390625,-120.90888214111328,AMADOR,UNINCORPORATED,-120.89979553222656,38.251476287841797
91613619,2021,2021-11-02,9295,2021-10-30,1620,019158,,6,2,9,0300,0,1,3,,1,053,SR-88,"E MEADOW DRIVE",0.00,,Y,A,-,Y,,,88,,,,,,,Y,2,0,1,2,A,-,09,21801,A,F,E,I,A,A,H,-,A,D,0,,,,,Y,,D,22,1,0,0,0,0,0,0,0,0,"- ","- ",38.455661773681641,-120.53118896484375,AMADOR,UNINCORPORATED,-120.53108215332031,38.455715179443359
91637307,2021,2021-11-29,9295,2021-03-28,1738,016661,,7,2,9,0300,0,1,3,,2,020,"STATE ROUTE 104","MICHIGAN BAR RD.",3168.00,W,N,A,-,Y,,,104,,,,,,,Y,1,1,0,2,A,-,01,23152,A,N,F,A,A,A,H,-,A,D,0,,,Y,,Y,Y,C,02,0,0,0,0,0,0,0,1,0,"- ","- ",38.382778167724609,-120.99611663818359,AMADOR,UNINCORPORATED,-120.99613952636719,38.382720947265625
91639412,2021,2021-12-01,9295,2021-11-18,1730,019229,,4,2,9,0300,0,3,5,,2,005,"RAMS HORN GRADE","SHAKE RIDGE ROAD",6864.00,S,N,B,-,N,,,,,,,,,,N,2,0,1,2,A,-,03,22350,,N,C,G,A,A,H,-,B,D,0,,Y,,,Y,,D,22,1,0,0,0,0,0,1,0,0,"- ","- ",38.459178924560547,-120.62081909179688,AMADOR,UNINCORPORATED,-120.61971282958984,38.458541870117188
91640140,2021,2021-12-01,9295,2021-11-18,0440,018304,,4,3,9,0300,0,3,5,,2,002,SR-88,"SR-104 (RIDGE ROAD, LOWER)",18.00,W,N,B,-,Y,,,,,,,,,,Y,2,0,2,1,A,-,08,22107,,N,E,I,A,A,H,-,C,A,0,,,,,Y,,A,01,1,0,1,0,0,0,0,0,0,"- ","- ",38.819801330566406,-121.02760314941406,AMADOR,UNINCORPORATED,-120.82129669189453,38.359714508056641
91645291,2021,2021-12-07,9295,2021-11-26,1605,019387,,5,2,9,0300,0,3,5,,2,001,"LATROBE ROAD","OLD SACRAMENTO ROAD",643.00,S,N,A,-,N,,,,,,,,,,Y,2,0,1,1,A,-,08,22107,,N,E,I,A,A,H,-,A,D,0,,,Y,,Y,,C,02,1,0,0,0,0,0,0,0,1,"- ","- ",38.479160308837891,-120.93119049072266,AMADOR,UNINCORPORATED,-120.93121337890625,38.479209899902344
91675946,2022,2022-01-14,9295,2022-01-02,2200,016994,,7,3,9,0300,0,1,3,,1,053,SR-88,"TABEAUD RD",1056.00,E,N,B,-,Y,AMA,,88,,R,24.462,H,,R,Y,1,1,0,1,A,-,05,21650,,N,E,I,A,C,H,-,D,D,0,,,,,Y,,A,07,0,0,0,0,0,0,0,0,0,"- ","- ",38.403659820556641,-120.64114379882812,AMADOR,UNINCORPORATED,-120.64112091064453,38.403690338134766
91675957,2022,2022-01-11,9295,2022-01-06,1825,019389,,4,2,9,0300,0,1,3,,1,042,SR-88,"ROSSBRIDGE RD",330.00,E,N,B,-,Y,AMA,,88,,,17.422,H,,R,Y,2,0,3,2,A,-,05,21460,A,N,A,2,A,A,H,-,D,D,0,,,,,Y,,D,22,1,2,0,0,0,0,0,0,0,"- ","- ",38.363410949707031,-120.72396850585938,AMADOR,UNINCORPORATED,-120.72396850585938,38.363391876220703
91698242,2021,2022-02-10,9295,2021-11-17,0510,016994,,3,3,9,0300,0,1,3,,1,049,SR-49,"OLD HWY 49",1584.00,N,N,B,C,Y,,,49,,,,,,,Y,1,1,1,2,A,-,01,23152,F,N,D,C,A,B,H,-,D,D,0,,,,,Y,,A,01,0,1,0,0,0,0,0,0,0,"- ","- ",38.423351287841797,-120.84523010253906,AMADOR,UNINCORPORATED,-120.84528350830078,38.423301696777344
91698248,2021,2022-02-10,9295,2021-07-30,1926,019158,,5,2,9,0300,0,3,5,,2,005,"SHAKERIDGE ROAD","EVERGREEN WAY",78.00,W,N,B,-,N,,,,,,,,,,Y,1,1,0,2,A,-,01,23152,F,N,E,I,A,A,H,-,B,D,0,,,,,Y,,D,22,0,0,0,0,0,0,0,0,0,"- ","- ",38.502159118652344,-120.53806304931641,AMADOR,UNINCORPORATED,-120.53733062744141,38.502613067626953
91699730,2021,2022-02-14,9295,2021-11-24,0910,016799,,3,1,9,0300,0,1,3,,1,049,"STATE HIGHWAY 49","MIDDLE BAR ROAD",528.00,S,N,A,-,Y,,,49,,,,,,,Y,1,1,1,2,A,-,01,23152,A,N,A,C,A,A,H,-,A,D,0,,,,,Y,Y,A,01,1,0,0,0,0,0,0,0,0,"- ","- ",38.322521209716797,-120.72934722900391,AMADOR,UNINCORPORATED,-120.72933959960938,38.322536468505859
91707269,2021,2022-02-23,9295,2021-11-06,1623,019387,,6,2,9,0300,0,1,3,,1,041,"STATE ROUTE 16","LATROBE ROAD",3944.00,W,N,A,-,Y,,,16,,,,,,,Y,1,1,3,3,A,-,01,23152,G,N,A,C,A,A,H,-,A,D,0,,,,,Y,Y,A,01,0,2,1,0,0,0,0,0,0,"- ","- ",38.4593505859375,-120.93151092529297,AMADOR,UNINCORPORATED,-120.93148803710938,38.459423065185547
91742612,2022,2022-04-06,9295,2022-03-30,0036,016994,,3,3,9,0300,0,3,5,,2,004,"NEW YORK RANCH RD","BINGO WAY",528.00,N,N,B,-,N,,,,,,,,,,Y,2,0,2,1,A,-,05,21650,,N,E,I,A,A,H,-,D,D,0,,,,,Y,,-,"- ",1,1,0,0,0,0,0,0,0,"- ","- ",38.389060974121094,-120.73607635498047,AMADOR,UNINCORPORATED,-120.736152,38.388882000000002
91778229,2022,2022-05-23,9295,2022-05-20,1840,019158,,5,2,9,0300,0,2,4,,1,044,"RIDGE ROAD","CLIMAX ROAD",0.00,,Y,A,-,N,,,,,,,,,,Y,2,0,2,2,A,-,09,21801,A,N,A,C,A,A,H,-,A,D,0,,,Y,,Y,,A,01,1,0,1,0,0,0,0,0,1,"- ","- ",38.404560089111328,-120.71703338623047,AMADOR,UNINCORPORATED,-120.71698760986328,38.404510498046875
91781373,2021,2022-06-06,9295,2021-06-13,1954,014546,,7,2,9,0300,0,1,3,,1,031,"STATE ROUTE 88","EGGIMAN LANE",1400.00,W,N,A,-,Y,,,88,,,,,,,Y,1,3,3,5,A,-,01,23152,A,N,A,C,A,A,H,-,A,D,0,,,,,Y,Y,A,01,1,0,2,0,0,0,0,0,0,"- ","- ",38.346431732177734,-120.85484313964844,AMADOR,UNINCORPORATED,-120.85485076904297,38.346473693847656
91786161,2022,2022-06-01,9295,2022-05-21,2300,019389,,6,3,9,0300,0,1,3,,1,031,SR-88,"EGGIMAN LANE",2112.00,E,N,A,-,Y,AMA,,88,,,11.346,H,,R,Y,2,0,7,2,A,-,01,23152,A,N,A,C,A,A,H,-,D,D,0,,,,,Y,Y,A,01,1,6,0,0,0,0,0,0,0,"- ","- ",38.350429534912109,-120.84378814697266,AMADOR,UNINCORPORATED,-120.84378814697266,38.350421905517578
91795101,2022,2022-06-14,9295,2022-03-16,1425,019229,,3,2,9,0300,0,1,3,,1,053,SR-88,"MACE DRIVE",290.00,E,N,A,-,Y,AMA,,88,,,33.914,H,,R,Y,1,1,0,2,A,-,01,23152,A,N,A,C,A,A,H,-,A,D,0,,,Y,Y,Y,Y,C,02,0,0,0,0,0,0,0,1,0,"- ","- ",38.466251373291016,-120.52726745605469,AMADOR,UNINCORPORATED,-120.52729797363281,38.466255187988281
91819965,2022,2022-07-19,9295,2022-07-07,1525,016881,,4,2,9,0300,0,3,5,,2,001,"FIDDLETOWN ROAD","QUARTZ MOUNTAIN ROAD",1320.00,W,N,A,-,N,,,,,,,,,,N,2,0,2,2,A,-,05,21460,A,N,A,C,A,A,H,-,A,D,0,,,Y,,Y,,C,02,1,1,0,0,0,0,0,0,1,"- ","- ",38.508079528808594,-120.76824188232422,AMADOR,UNINCORPORATED,-120.76831817626953,38.508121490478516
91830393,2022,2022-08-01,9295,2022-07-21,2235,019389,,4,3,9,0300,0,1,3,,1,053,SR-88,"HINTON RD",1056.00,E,N,A,-,Y,AMA,,88,,,30.084,H,,R,Y,2,0,2,1,A,-,01,23152,A,F,E,I,A,A,H,-,D,D,0,,,,,Y,Y,A,01,2,0,0,0,0,0,0,0,0,"- ","- ",38.433971405029297,-120.56150054931641,AMADOR,UNINCORPORATED,-120.56145477294922,38.433929443359375
91844906,2022,2022-08-22,9295,2022-08-11,1508,016994,,4,2,9,0300,0,3,5,,2,003,"JACKSON VALLEY RD","MARTIN LANE",96.00,W,N,A,-,N,,,,,,,,,,N,2,0,2,1,A,-,01,23152,A,N,E,I,A,A,H,-,A,D,0,,,,,Y,Y,D,22,1,1,0,0,0,0,0,0,0,"- ","- ",38.297039031982422,-120.94963836669922,AMADOR,UNINCORPORATED,-120.94927215576172,38.296955108642578
91856486,2022,2022-09-02,9295,2022-08-27,0940,019387,,6,1,9,0300,0,3,5,,2,005,"PINE GROVE VOLCANO ROAD","PIONEER VOLCANO ROAD",0.00,,Y,A,-,N,,,,,,,,,,Y,2,0,1,1,C,-,18,,,N,F,A,A,A,H,-,A,A,0,,Y,,,Y,,-,"- ",1,0,0,0,0,0,1,0,0,"- ","- ",38.436351776123047,-120.62886810302734,AMADOR,UNINCORPORATED,-120.62888336181641,38.436290740966797
91866610,2022,2022-09-16,9295,2022-09-05,1930,016881,,1,2,9,0300,0,1,3,,1,064,SR-88,"SALT SPRINGS ROAD",125.00,W,N,A,-,Y,AMA,,88,,,35.113,H,,R,Y,2,0,1,1,A,-,05,21650,,N,E,I,A,A,H,-,B,D,0,,,,,Y,,A,07,1,0,0,0,0,0,0,0,0,"- ","- ",38.481609344482422,-120.52017211914062,AMADOR,UNINCORPORATED,-120.52028656005859,38.481662750244141
91887787,2022,2022-10-11,9295,2022-09-30,2225,017296,,5,3,9,0300,0,3,5,,2,005,"FIDDLETOWN ROAD","SHAKE RIDGE ROAD",10560.00,W,N,A,-,N,,,,,,,,,,Y,2,0,1,1,A,-,01,23152,A,N,E,I,A,A,H,-,D,D,0,,,,,Y,Y,A,01,1,0,0,0,0,0,0,0,0,"- ","- ",38.500118255615234,-120.61477661132812,AMADOR,UNINCORPORATED,-120.61392974853516,38.500164031982422
91887834,2022,2023-08-28,9295,2022-10-07,2205,019389,,5,3,9,0300,0,1,3,,1,031,SR-88,SR-104,2640.00,E,N,A,-,Y,AMA,,88,,,7.861,H,,R,Y,2,0,3,2,A,-,01,23152,A,N,A,C,A,A,H,-,D,D,0,,,,,Y,Y,D,22,2,1,0,0,0,0,0,0,0,"- ","- ",38.333259582519531,-120.8988037109375,AMADOR,UNINCORPORATED,-120.89878845214844,38.333255767822266
91888840,2022,2022-10-12,9295,2022-10-09,1220,016245,,7,1,9,0300,0,1,3,,1,049,SR-49,"SUTTER IONE RD",0.00,,Y,A,-,Y,AMA,,49,,R,8.740,H,,R,Y,2,0,4,3,A,-,09,21802,A,N,D,C,A,A,H,-,A,A,0,,,,,Y,,A,07,1,2,1,0,0,0,0,0,0,"- ","- ",38.39923095703125,-120.81819915771484,AMADOR,UNINCORPORATED,-120.81824493408203,38.399208068847656
91905261,2022,2022-10-31,9295,2022-10-22,2145,019389,,6,2,9,0300,0,1,3,,1,016,SR-16,SR-124,135.00,W,N,A,-,Y,AMA,,16,,,9.066,H,,R,Y,2,0,1,1,A,-,01,23152,G,N,E,8,A,A,H,-,C,D,0,,,,,Y,Y,A,07,1,0,0,0,0,0,0,0,0,"- ","- ",38.453788757324219,-120.8731689453125,AMADOR,UNINCORPORATED,-120.87313079833984,38.453708648681641
91906567,2022,2022-11-01,9295,2022-10-22,0015,020459,,6,3,9,0300,0,3,5,,2,003,"BUENA VISTA RD",SR-88,900.00,S,N,A,-,N,,,,,,,,,,Y,2,0,2,1,A,-,01,23152,A,N,E,I,A,A,H,-,D,D,0,,,,,Y,Y,A,01,1,1,0,0,0,0,0,0,0,"- ","- ",38.320880889892578,-120.92453765869141,AMADOR,UNINCORPORATED,-120.92458343505859,38.320816040039062
91927196,2022,2022-11-28,9295,2022-11-18,0333,016994,,5,3,9,0300,0,3,5,,2,003,"JACKSON VALLEY RD","BUENA VISTA RD",1056.00,E,N,A,-,N,,,,,,,,,,Y,2,0,1,1,A,-,03,22350,,N,E,I,A,A,H,-,D,D,0,,,Y,,Y,,C,02,1,0,0,0,0,0,0,0,1,"- ","- ",38.294498443603516,-120.90899658203125,AMADOR,UNINCORPORATED,-120.90975952148438,38.294437408447266
92016594,2023,2023-03-13,9295,2023-03-04,2108,019389,,6,2,9,0300,0,3,5,,2,003,"BUENA VISTA ROAD","COAL MINE ROAD",0.00,,Y,B,-,N,,,,,,,,,,Y,2,0,4,2,A,-,09,21802,A,N,D,2,A,A,H,-,D,A,0,,,,,Y,,A,07,1,0,3,0,0,0,0,0,0,"- ","- ",38.287250518798828,-120.91168975830078,AMADOR,UNINCORPORATED,-120.91158294677734,38.287189483642578
92032086,2022,2023-03-29,9295,2022-12-16,0930,019158,,5,1,9,0300,0,3,5,,2,002,"LATROBE ROAD","OLD SACRAMENTO ROAD",2287.00,S,N,A,-,N,,,,,,,,,,Y,1,1,0,1,C,-,18,,,N,E,I,A,A,H,-,A,D,0,,,,,Y,,-,"- ",0,0,0,0,0,0,0,0,0,"- ","- ",38.475608825683594,-120.92777252197266,AMADOR,UNINCORPORATED,-120.92776489257812,38.475719451904297
92043762,2023,2023-04-12,9295,2023-04-03,1355,016245,,1,1,9,0300,0,1,3,,1,016,SR-16,SR-49,26.00,W,N,A,-,Y,AMA,,16," "," ",9.363,H,,R,Y,2,0,4,2,A,-,03,22350,,N,C,C,A,A,H,-,A,A,0,,,,,Y,,A,07,1,2,1,0,0,0,0,0,0,"- ","- ",38.454830169677734,-120.86785888671875,AMADOR,UNINCORPORATED,-120.86786651611328,38.454868316650391
92048642,2023,2023-04-19,9295,2023-04-09,"635 ",016245,,7,1,9,0300,0,3,5,,2,002,"TONZI RD","WILLOW CREEK RD",750.00,E,N,D,-,N,,,,,,,,,,Y,2,0,1,1,A,-,01,23152,A,N,F,A,A,A,H,-,B,D,0,,,Y,,Y,Y,C,02,1,0,0,0,0,0,0,0,1,"- ","- ",38.405220031738281,-120.90596008300781,AMADOR,UNINCORPORATED,-120.90849304199219,38.403678894042969
92054712,2023,2023-04-27,9295,2023-04-05,1400,016881,,3,2,9,0300,0,3,5,,2,006,SR-88,"TRAGEDY SPRINGS EAST",2500.00,E,N,A,-,N,,,,,,,,,,N,2,0,1,1,B,-,22,,,N,E,I,A,C,H,-,A,D,0,,,,,Y,,M,96,1,0,0,0,0,0,0,0,0,"- ","- ",38.642940521240234,-120.13600158691406,AMADOR,UNINCORPORATED,-120.13590240478516,38.642898559570312
92059562,2023,2023-05-02,9295,2023-01-30,1353,016881,,1,1,9,0300,0,1,3,,1,042,SR-88,"OUSBY ROAD (EAST)",153.00,W,N,A,-,Y,AMA,,88," "," ",16.214,H,,R,Y,1,1,2,2,A,-,01,23152,,N,A,C,A,A,H,-,A,D,0,,,,,Y,Y,A,07,2,0,0,0,0,0,0,0,0,"- ","- ",38.359989166259766,-120.74508666992188,AMADOR,UNINCORPORATED,-120.74508666992188,38.359977722167969
92065833,2022,2023-05-10,9295,2022-09-24,0555,019158,,6,3,9,0300,0,1,3,,1,016,SR-16,"OLD SACRAMENTO ROAD",73.00,W,N,A,-,Y,AMA,,16,,R,4.775,H,,R,Y,1,1,1,2,A,-,05,21650,,N,A,C,A,A,H,-,D,D,0,,,,,Y,Y,A,01,1,0,0,0,0,0,0,0,0,"- ","- ",38.462848663330078,-120.944580078125,AMADOR,UNINCORPORATED,-120.944580078125,38.462844848632812
92090191,2023,2023-06-09,9295,2023-06-02,1140,018684,,5,1,9,0300,0,1,3,,1,064,SR-88,"KIRKWOOD LAKE RD.",3800.00,W,N,A,-,Y,AMA,,88," "," ",69.997,H,,R,N,2,0,1,1,A,-,05,21650,,N,E,I,A,B,H,-,A,D,0,,,Y,,Y,,C,02,1,0,0,0,0,0,0,0,1,"- ","- ",38.704910278320312,-120.10085296630859,AMADOR,UNINCORPORATED,-120.10086059570312,38.704902648925781
92095186,2023,2023-06-15,9295,2023-03-02,1345,016799,,4,1,9,0300,0,3,5,,2,002,"IRISH HILL RD","CARBONDALE RD",528.00,S,N,A,-,N,,,,,,,,,,Y,1,3,0,1,A,-,03,22350,,N,E,J,A,A,H,-,A,D,0,,,,,Y,Y,A,01,0,0,0,0,0,0,0,0,0,"- ","- ",38.436561584472656,-120.95511627197266,AMADOR,UNINCORPORATED,-120.95474243164062,38.444820404052734
92103589,2023,2023-06-27,9295,2023-06-16,1515,019387,,5,2,9,0300,0,3,5,,2,005,"PARKWOOD DR  E","FAIRWAY DRIVE",276.00,W,N,A,-,N,,,,,,,,,,Y,2,0,1,1,A,-,08,22107,,N,E,I,A,A,H,-,A,D,0,,,,,Y,,A,07,1,0,0,0,0,0,0,0,0,"- ","- ",38.456809997558594,-120.54000091552734,AMADOR,UNINCORPORATED,-120.53809356689453,38.455780029296875
92108923,2023,2023-07-03,9295,2023-05-28,1750,020459,,7,2,9,0300,0,3,5,,2,005,SR-88,"OMO RANCH RD",1129.00,W,N,B,-,N,,,,,,,,,,Y,1,1,0,1,A,-,01,23152,A,N,E,I,A,A,H,-,A,D,0,,,,,Y,Y,D,22,0,0,0,0,0,0,0,0,0,"- ","- ",38.525688171386719,-120.44480133056641,AMADOR,UNINCORPORATED,-120.44473266601562,38.525642395019531
92109396,2023,2023-07-04,9295,2023-06-23,1330,018684,,5,1,9,0300,0,1,3,,1,064,SR-88,"HAMS STATION",1500.00,W,N,A,-,Y,AMA,,88," "," ",45.082,H,,R,Y,2,0,2,1,C,-,18,,,N,E,I,A,A,H,-,A,D,0,,,Y,,Y,,-,"- ",2,0,0,0,0,0,0,0,2,"- ","- ",38.541629791259766,-120.38137817382812,AMADOR,UNINCORPORATED,-120.38143920898438,38.541645050048828
92114260,2023,2023-07-11,9295,2023-06-28,1710,016881,,3,2,9,0300,0,1,3,,1,049,SR-49,"SANDRA ROAD",150.00,N,N,A,-,Y,AMA,,49," ",R,1.034,H,,R,Y,2,0,1,2,A,-,03,22350,,N,F,C,A,A,H,-,A,D,0,,,Y,,Y,,C,02,1,0,0,0,0,0,0,0,1,"- ","- ",38.324199676513672,-120.73040771484375,AMADOR,UNINCORPORATED,-120.73041534423828,38.324199676513672
92126634,2023,2023-07-26,9295,2023-04-27,1115,018488,,4,1,9,0300,0,1,3,,1,031,SR-49,SR-88,0.00,,Y,A,-,Y,AMA,,49," "," ",5.934,H,,R,N,2,0,1,1,A,-,08,22107,,N,H,A,A,A,H,-,A,A,0,,,,,Y,,-,"- ",1,0,0,0,0,0,0,0,0,"- ","- ",38.365299224853516,-120.79474639892578,AMADOR,UNINCORPORATED,-120.79475402832031,38.365314483642578
92144543,2023,2023-08-15,9295,2023-07-24,"750 ",018488,,1,1,9,0300,0,1,3,,1,016,"STATE HIGHWAY 16","CARBONDALE RD",0.00,,Y,A,-,Y,AMA,,16," ",R,6.646,H,,R,Y,2,0,1,2,A,-,09,21801,A,N,D,C,A,A,H,-,A,D,0,,,Y,,Y,,E,22,1,0,0,0,0,0,0,0,1,"- ","- ",38.452239990234375,-120.91336822509766,AMADOR,UNINCORPORATED,-120.91336059570312,38.452266693115234
92165931,2023,2023-09-08,9295,2023-06-10,"925 ",019284,,6,1,9,0300,0,3,5,,2,002,"DAVE BRUBECH ROAD","W MARLETTE STREET",3274.00,S,N,B,-,N,,,,,,,,,,Y,1,1,0,1,C,-,18,,,N,E,I,A,A,H,-,A,D,0,,,,,Y,Y,-,"- ",0,0,0,0,0,0,0,0,0,"- ","- ",38.345050811767578,-120.96143341064453,AMADOR,UNINCORPORATED,-120.96140289306641,38.344802856445312
92168233,2023,2025-04-04,9295,2023-09-09,"828 ",018684,,6,1,9,0300,0,1,3,,1,053,SR-88,"RAVEN RD.",1350.00,W,N,A,-,Y,AMA,,88," "," ",27.971,H,,R,Y,1,1,1,1,A,-,03,22350,,N,E,8,A,A,H,-,A,D,0,,,,,Y,,A,07,0,0,1,0,0,0,0,0,0,"- ","- ",38.424991607666016,-120.5968017578125,AMADOR,UNINCORPORATED,-120.59677124023438,38.424957275390625