CASE_ID,ACCIDENT_YEAR,PROC_DATE,JURIS,COLLISION_DATE,COLLISION_TIME,OFFICER_ID,REPORTING_DISTRICT,DAY_OF_WEEK,CHP_SHIFT,POPULATION,CNTY_CITY_LOC,SPECIAL_COND,BEAT_TYPE,CHP_BEAT_TYPE,CITY_DIVISION_LAPD,CHP_BEAT_CLASS,BEAT_NUMBER,PRIMARY_RD,SECONDARY_RD,DISTANCE,DIRECTION,INTERSECTION,WEATHER_1,WEATHER_2,STATE_HWY_IND,CALTRANS_COUNTY,CALTRANS_DISTRICT,STATE_ROUTE,ROUTE_SUFFIX,POSTMILE_PREFIX,POSTMILE,LOCATION_TYPE,RAMP_INTERSECTION,SIDE_OF_HWY,TOW_AWAY,COLLISION_SEVERITY,NUMBER_KILLED,NUMBER_INJURED,PARTY_COUNT,PRIMARY_COLL_FACTOR,PCF_CODE_OF_VIOL,PCF_VIOL_CATEGORY,PCF_VIOLATION,PCF_VIOL_SUBSECTION,HIT_AND_RUN,TYPE_OF_COLLISION,MVIW,PED_ACTION,ROAD_SURFACE,ROAD_COND_1,ROAD_COND_2,LIGHTING,CONTROL_DEVICE,CHP_ROAD_TYPE,PEDESTRIAN_ACCIDENT,BICYCLE_ACCIDENT,MOTORCYCLE_ACCIDENT,TRUCK_ACCIDENT,NOT_PRIVATE_PROPERTY,ALCOHOL_INVOLVED,STWD_VEHTYPE_AT_FAULT,CHP_VEHTYPE_AT_FAULT,COUNT_SEVERE_INJ,COUNT_VISIBLE_INJ,COUNT_COMPLAINT_PAIN,COUNT_PED_KILLED,COUNT_PED_INJURED,COUNT_BICYCLIST_KILLED,COUNT_BICYCLIST_INJURED,COUNT_MC_KILLED,COUNT_MC_INJURED,PRIMARY_RAMP,SECONDARY_RAMP,LATITUDE,LONGITUDE,COUNTY,CITY,POINT_X,POINT_Y
92169186,2023,2024-06-10,9295,2023-06-25,1335,019158,,7,1,9,0300,0,3,5,,2,002,"LATROBE ROAD","LORENTZ ROAD",191.00,N,N,A,-,N,,,,,,,,,,Y,2,0,6,2,A,-,03,22350,,N,A,C,A,A,H,-,A,D,0,,,,,Y,,A,01,2,4,0,0,0,0,0,0,0,"- ","- ",38.495449066162109,-120.93617248535156,AMADOR,UNINCORPORATED,-120.93629455566406,38.495540618896484
92178740,2023,2023-12-20,9295,2023-09-08,1450,019229,,5,2,9,0300,0,1,3,,1,064,SR-88,"OMO RANCH ROAD",155.00,E,N,A,-,Y,AMA,,88," "," ",41.212,H,,R,Y,1,1,0,1,A,-,08,22107,,N,F,A,A,A,H,-,A,D,0,,,Y,,Y,,C,02,0,0,0,0,0,0,0,1,0,"- ","- ",38.528438568115234,-120.44165802001953,AMADOR,UNINCORPORATED,-120.44163513183594,38.528396606445312
92208341,2023,2023-10-25,9295,2023-10-18,2008,019802,,3,2,9,0300,0,3,5,,2,003,"CAMANCHE PKWY N","E RANCHERO RD",3168.00,E,N,A,-,N,,,,,,,,,,Y,2,0,1,1,A,-,08,22107,,N,E,8,A,A,H,-,D,D,0,,,,,Y,,A,01,1,0,0,0,0,0,0,0,0,"- ","- ",38.244960784912109,-120.99980163574219,AMADOR,UNINCORPORATED,-121.01725769042969,38.245174407958984
92245384,2023,2023-11-27,9295,2023-11-18,2218,016994,,6,3,9,0300,0,3,5,,2,003,"MIDDLE BAR RD",SR-49,9504.00,W,N,B,-,N,,,,,,,,,,Y,2,0,2,1,A,-,08,22107,,N,E,I,A,B,H,-,D,D,0,,,,,Y,,D,22,1,0,1,0,0,0,0,0,0,"- ","- ",38.311119079589844,-120.75254058837891,AMADOR,UNINCORPORATED,-120.75160217285156,38.310710906982422
92252253,2023,2023-12-04,9295,2023-10-08,1627,016994,,7,2,9,0300,0,1,3,,1,064,SR-88,"KIRKWOOD MEADOWS DR",1584.00,E,N,A,-,Y,AMA,,88," "," ",71.643,H,,R,Y,1,1,0,2,A,-,03,22350,,N,D,D,A,A,H,-,A,D,0,,,,Y,Y,,G,25,0,0,0,0,0,0,0,0,0,"- ","- ",38.702690124511719,-120.07257843017578,AMADOR,UNINCORPORATED,-120.07257843017578,38.702667236328125
92276632,2023,2024-01-22,9295,2023-12-24,2238,020459,,7,3,9,0300,0,3,5,,2,005,SR-88,"INSPIRATION DRIVE WEST",1584.00,E,N,A,-,N,,,,,,,,,,Y,2,0,1,1,A,-,01,23152,A,N,E,I,A,A,H,-,D,D,0,,,,,Y,Y,A,07,1,0,0,0,0,0,0,0,0,"- ","- ",38.479049682617188,-120.52265930175781,AMADOR,UNINCORPORATED,-120.52265930175781,38.479049682617188
92302883,2024,2024-02-01,9295,2024-01-24,1316,020931,,3,1,9,0300,0,1,3,,1,031,SR-88,"BLUE SKY DRIVE",4013.00,W,N,C,-,Y,AMA,,88," "," ",8.292,H,,R,Y,2,0,1,1,A,-,03,22350,,N,F,I,A,B,H,-,A,D,0,,,,,Y,,A,01,1,0,0,0,0,0,0,0,0,"- ","- ",38.338230133056641,-120.89463806152344,AMADOR,UNINCORPORATED,-120.89478302001953,38.33837890625
92353923,2024,2024-04-03,9295,2024-03-25,1353,018488,,1,1,9,0300,0,3,5,,2,002,"FIVE MILE DR","GOLF LINKS",560.00,N,N,A,-,N,,,,,,,,,,N,2,0,1,1,A,-,03,22350,,N,F,A,A,A,H,-,A,D,0,,,Y,,Y,,C,02,1,0,0,0,0,0,0,0,1,"- ","- ",38.356521606445312,-120.96643829345703,AMADOR,UNINCORPORATED,,
92374397,2024,2024-04-24,9295,2024-04-12,1610,022458,,5,2,9,0300,0,2,4,,1,045,"RIDGE ROAD","LOGANS ALLEY",528.00,E,N,A,-,N,,,,,,,,,,Y,2,0,1,2,A,-,03,22350,,N,C,C,A,A,H,-,A,D,0,,,Y,,Y,,C,02,1,0,0,0,0,0,0,0,1,"- ","- ",38.413848876953125,-120.67247009277344,AMADOR,UNINCORPORATED,-120.67296600341797,38.413753509521484
92380765,2024,2024-05-02,9295,2024-03-21,1730,016881,,4,2,9,0300,0,1,3,,1,053,SR-88,"OMO RANCH ROAD",5808.00,W,N,A,-,Y,AMA,,88," "," ",39.958,H,,R,Y,1,1,0,1,A,-,08,22107,,N,E,I,A,A,H,-,A,D,0,,,,,Y,,A,01,0,0,0,0,0,0,0,0,0,"- ","- ",38.517448425292969,-120.45751190185547,AMADOR,UNINCORPORATED,-120.45747375488281,38.517417907714844
92384223,2024,2024-08-06,9295,2024-04-07,1815,019079,,7,2,9,0300,0,3,5,,2,001,"FIDDLETOWN RD","MOUNT WHITNEY DR",55.00,E,N,A,-,N,,,,,,,,,,N,1,1,0,1,A,-,01,23152,A,N,E,I,A,A,H,-,A,D,0,,,,,Y,Y,D,22,0,0,0,0,0,0,0,0,0,"- ","- ",38.497421264648438,-120.72727203369141,AMADOR,UNINCORPORATED,-120.72727203369141,38.497371673583984
92395067,2024,2024-05-21,9295,2024-05-12,1808,022881,,7,2,9,0300,0,3,5,,2,003,"COAL MINE RD","BUENA VISTA RD",0.00,,Y,A,-,N,,,,,,,,,,Y,2,0,1,1,A,-,01,23152,A,N,E,I,A,A,H,-,A,A,0,,,,,Y,Y,A,01,1,0,0,0,0,0,0,0,0,"- ","- ",38.287239074707031,-120.91136932373047,AMADOR,UNINCORPORATED,-120.91158294677734,38.287189483642578
92400137,2024,2024-05-28,9295,2024-05-13,1535,022881,,1,2,9,0300,0,2,4,,1,044,SR-88,"CLIMAX ROAD",400.00,W,N,A,-,Y,AMA,,88," "," ",22.165,H,,R,N,2,0,1,2,A,-,09,21804,A,N,C,6,A,A,H,-,A,D,0,,Y,,,Y,,L,04,1,0,0,0,0,0,1,0,0,"- ","- ",38.405651092529297,-120.67047119140625,AMADOR,UNINCORPORATED,-120.67052459716797,38.405670166015625
92404238,2024,2024-06-03,9295,2024-05-26,2335,020931,,7,3,9,0300,0,1,3,,1,031,"BUENA VISTA DR",SR-88,45.00,N,N,A,-,Y,AMA,,88," "," ",6.169,H,,R,Y,2,0,1,1,A,-,08,22107,,M,E,8,A,A,H,-,C,A,0,,,,,Y,,A,01,1,0,0,0,0,0,0,0,0,"- ","- ",38.322898864746094,-120.92684173583984,AMADOR,UNINCORPORATED,-120.92678070068359,38.322685241699219
92425280,2024,2024-06-27,9295,2024-06-14,1745,022881,,5,2,9,0300,0,3,5,,2,001,"FIDDLETOWN RD","MOUNT WHITNEY DRIVE",1373.00,W,N,A,-,N,,,,,,,,,,Y,2,0,2,2,A,-,05,21460,A,N,A,C,A,A,H,-,A,D,0,,,,,Y,,D,22,2,0,0,0,0,0,0,0,0,"- ","- ",38.496978759765625,-120.73142242431641,AMADOR,UNINCORPORATED,-120.73204040527344,38.496967315673828
92427738,2024,2024-11-06,9295,2024-06-09,"103 ",016994,,7,3,9,0300,0,2,4,,2,012,"SHENANDOAH RD","FIDDLETOWN RD",1056.00,E,N,A,-,N,,,,,,,,,,Y,1,1,0,1,A,-,08,22107,,N,E,I,A,A,H,-,D,D,0,,,,,Y,,A,01,0,0,0,0,0,0,0,0,0,"- ","- ",38.486118316650391,-120.83502197265625,AMADOR,UNINCORPORATED,-120.83499908447266,38.485858917236328
9256323,2021,2021-07-09,0303,2021-03-04,1904,X8255,,4,5,2,0303,0,0,0,,0,JKC,"RT 49","MARCUCCI LN",0.00,,Y,A,-,Y,AMA,10,49,-,-,3.890,I,5,N,N,1,1,0,2,A,-,03,22350,,N,G,B,D,A,H,-,C,D,0,Y,,,,Y,Y,A,01,0,0,0,1,0,0,0,0,0,"- ","- ",38.348800659179688,-120.77410125732422,AMADOR,JACKSON,-120.77127075195312,38.345626831054688
9320130,2021,2022-02-17,0303,2021-09-24,0409,X7501,JKC,5,5,2,0303,0,0,0,,0,JKC,"PITT ST","PITT ST 420",0.00,,N,A,-,N,,,,,,,,,,Y,2,0,1,2,A,-,01,23152,A,N,A,I,A,A,H,-,D,D,0,,,,,Y,Y,M,96,1,0,0,0,0,0,0,0,0,"- ","- ",38.350250244140625,-120.76907348632812,AMADOR,JACKSON,-120.770329,38.349780000000003
9320366,2021,2022-03-24,0303,2021-11-03,0914,X7501,JKC,3,5,2,0303,0,0,0,,0,JKC,"RT 49","RT 88",0.00,,Y,A,-,Y,AMA,10,49,-,-,4.029,I,5,N,N,1,1,0,2,A,-,10,21950,A,N,G,B,B,A,H,-,A,A,0,Y,,,Y,Y,,F,26,0,0,0,1,0,0,0,0,0,"- ","- ",38.365348815917969,-120.79473876953125,AMADOR,JACKSON,-120.77312469482422,38.346889495849609
94355457,2024,2024-08-15,9295,2024-08-04,2500,022881,,7,4,9,0300,0,1,3,,1,053,SR-88,"INSPIRATION DR  WEST",90.00,W,N,A,-,Y,AMA,,88," "," ",34.530,H,,R,Y,2,0,1,1,A,-,08,22107,,N,F,A,A,A,H,-,D,D,0,,,Y,,Y,,C,06,1,0,0,0,0,0,0,0,1,"- ","- ",38.475139617919922,-120.52577209472656,AMADOR,UNINCORPORATED,-120.52573394775391,38.475124359130859
94369310,2024,2024-08-26,9295,2024-08-11,"205 ",022881,,7,3,9,0300,0,1,3,,1,031,SR-88,"BLUE SKY DRIVE",2640.00,W,N,A,-,Y,AMA,,88," "," ",8.943,H,,R,Y,2,0,4,2,A,-,01,23152,A,N,B,C,A,A,H,-,D,D,0,,,,,Y,Y,A,01,1,0,3,0,0,0,0,0,0,"- ","- ",38.34326171875,-120.88450622558594,AMADOR,UNINCORPORATED,-120.88451385498047,38.343265533447266
94369319,2024,2024-08-27,9295,2024-08-11,1905,019284,,7,2,9,0300,0,3,5,,2,004,"NEW YORK RANCH ROAD","COVENTRY CT",478.00,N,N,A,-,N,,,,,,,,,,N,2,0,1,1,C,-,18,,,N,H,H,A,A,H,-,A,D,0,,,Y,,Y,,-,"- ",1,0,0,0,0,0,0,0,1,"- ","- ",38.392910003662109,-120.73455047607422,AMADOR,UNINCORPORATED,-120.73458099365234,38.392829895019531
94369409,2024,2024-08-26,9295,2024-06-22,2500,016994,,6,4,9,0300,0,2,4,,2,012,"SHENANDOAH RD","STEINER RD (EAST)",1056.00,E,N,A,-,N,,,,,,,,,,Y,1,1,0,1,A,-,08,22107,,N,E,I,A,A,H,-,D,D,0,,,,,Y,,A,07,0,0,0,0,0,0,0,0,0,"- ","- ",38.531978607177734,-120.78009796142578,AMADOR,UNINCORPORATED,-120.79962158203125,38.529819488525391
94400878,2024,2024-09-19,9295,2024-09-15,"840 ",019802,,7,1,9,0300,0,1,3,,1,064,"STATE HIGHWAY 88","ELLIS RD",7392.00,W,N,A,-,Y,AMA,,88," "," ",48.209,H,,R,Y,2,0,2,2,A,-,08,22107,,N,E,8,A,A,H,-,A,D,0,,,,,Y,,D,22,1,0,1,0,0,0,0,0,0,"- ","- ",38.544681549072266,-120.33197021484375,AMADOR,UNINCORPORATED,-120.33197021484375,38.544689178466797
94413341,2024,2024-09-30,9295,2024-09-27,1045,022458,,5,1,9,0300,0,3,5,,2,003,"BUENA VISTA RD","DUMP RD",2640.00,S,N,A,-,N,,,,,,,,,,Y,2,0,1,1,A,-,08,22107,,N,E,I,A,A,H,-,A,D,0,,,,,Y,,A,01,1,0,0,0,0,0,0,0,0,"- ","- ",38.310821533203125,-120.91609191894531,AMADOR,UNINCORPORATED,-120.9158935546875,38.310428619384766
94419252,2024,2024-10-04,9295,2024-09-21,1545,020931,,6,2,9,0300,0,1,3,,1,064,SR-88,"DUFRENE ROAD",223.00,E,N,A,-,Y,AMA,,88," "," ",53.125,H,,R,Y,2,0,2,1,A,-,08,22107,,N,E,I,A,A,H,-,A,D,0,,,,Y,Y,,F,25,1,1,0,0,0,0,0,0,0,"- ","- ",38.571151733398438,-120.26409149169922,AMADOR,UNINCORPORATED,-120.26401519775391,38.571121215820312
94441103,2024,2024-11-05,9295,2024-10-13,1250,019284,,7,1,9,0300,0,3,5,,2,001,"FIDDLETOWN RD","MT WHITNEY DRIVE",2376.00,W,N,A,-,N,,,,,,,,,,Y,2,0,2,2,A,-,05,21460,A,N,A,C,A,A,H,-,A,A,0,,,,,Y,,A,01,1,0,1,0,0,0,0,0,0,"- ","- ",38.498088836669922,-120.73529052734375,AMADOR,UNINCORPORATED,-120.73523712158203,38.498004913330078
94442565,2024,2024-10-23,9295,2024-10-13,1230,021793,,7,1,9,0300,0,2,4,,1,043,"RIDGE RD","OLD RIDGE RD",6.00,W,N,A,-,N,,,,,,,,,,Y,2,0,1,2,A,-,03,22350,,N,C,C,A,A,H,-,A,D,0,,,Y,,Y,,C,02,1,0,0,0,0,0,0,0,1,"- ","- ",38.382358551025391,-120.79061889648438,AMADOR,UNINCORPORATED,-120.79058074951172,38.38238525390625
9445856,2022,2022-08-23,0305,2022-03-23,1255,O6754,0305,3,5,1,0305,0,0,0,,0,STC,"BRYSON DR","OLD HIGHWAY 49",0.00,,Y,A,-,N,,,,,,,,,,Y,2,0,2,2,A,-,09,21804,A,N,-,-,A,A,H,-,A,-,0,,,Y,,Y,,A,07,1,0,1,0,0,0,0,0,1,"- ","- ",38.392971038818359,-120.80243682861328,AMADOR,"SUTTER CREEK",-120.805903,38.382947999999999
94462031,2024,2024-11-07,9295,2024-10-30,2259,019802,,3,3,9,0300,0,1,3,,1,042,"STATE HIGHWAY 88","W. CLINTON RD",0.00,,Y,B,-,Y,AMA,,88," "," ",19.322,H,,R,Y,2,0,2,2,A,-,01,23152,G,N,B,2,A,A,H,-,D,D,0,,,,,Y,Y,A,08,1,1,0,0,0,0,0,0,0,"- ","- ",38.378948211669922,-120.69669342041016,AMADOR,UNINCORPORATED,-120.69674682617188,38.378978729248047
94466231,2024,2024-11-12,9295,2024-11-02,"37  ",016994,,6,3,9,0300,0,1,3,,1,049,SR-49,"ELECTRA RD",4752.00,N,N,B,-,Y,AMA,,49," ",R,1.000,H,,R,Y,2,0,2,1,A,-,01,23152,A,N,E,I,A,B,H,-,D,A,0,,,,,Y,Y,A,07,2,0,0,0,0,0,0,0,0,"- ","- ",38.323799133300781,-120.73004913330078,AMADOR,UNINCORPORATED,-120.73014831542969,38.323764801025391
94501668,2024,2024-12-13,9295,2024-11-30,2300,016994,,6,3,9,0300,0,3,5,,2,003,"CAMANCHE RD","CURRAN  RD",528.00,N,N,B,-,N,,,,,,,,,,Y,2,0,2,1,A,-,08,22107,,N,E,I,A,A,H,-,D,A,0,,,,,Y,,A,07,1,1,0,0,0,0,0,0,0,"- ","- ",38.281719207763672,-120.9388427734375,AMADOR,UNINCORPORATED,-120.93881988525391,38.281665802001953
94502382,2024,2024-12-13,9295,2024-12-06,1105,019802,,5,1,9,0300,0,3,5,,2,004,"NEW CHICAGO RD","CALIFORNIA MINE RD",1530.00,W,N,A,-,N,,,,,,,,,,Y,2,0,1,1,A,-,08,22107,,N,F,A,A,A,H,-,A,D,0,,,Y,,Y,,C,02,1,0,0,0,0,0,0,0,1,"- ","- ",38.437759399414062,-120.84174346923828,AMADOR,UNINCORPORATED,,
94510436,2024,2024-12-19,9295,2024-12-12,1730,019229,,4,2,9,0300,0,1,3,,1,064,SR-88,"CAT CREEK ROAD",5755.00,E,N,D,-,Y,AMA,,88," "," ",47.101,H,,R,Y,2,0,3,2,A,-,03,22350,,N,D,C,A,C,H,-,D,D,0,,,,,Y,,A,07,2,0,1,0,0,0,0,0,0,"- ","- ",38.543441772460938,-120.34899139404297,AMADOR,UNINCORPORATED,-120.34896850585938,38.543491363525391
94519760,2024,2024-12-30,9295,2024-12-25,2356,016994,,3,3,9,0300,0,3,5,,2,004,"NEW YORK RANCH ROAD","CHINA GRAVEYARD",1056.00,N,N,B,-,N,,,,,,,,,,Y,2,0,1,1,A,-,08,22107,,N,E,I,A,B,H,-,D,D,0,,,,,Y,Y,A,07,1,0,0,0,0,0,0,0,0,"- ","- ",38.369640350341797,-120.7625732421875,AMADOR,UNINCORPORATED,-120.76266479492188,38.369510650634766
94556331,2025,2025-01-30,9295,2025-01-10,1935,021793,,5,2,9,0300,0,2,4,,1,045,"RIDGE RD","ARDEN CT",528.00,W,N,A,-,N,,,,,,,,,,Y,2,0,1,1,A,-,01,23152,A,N,E,I,A,A,H,-,D,D,0,,,,,Y,Y,A,07,1,0,0,0,0,0,0,0,0,"- ","- ",38.413421630859375,-120.70091247558594,AMADOR,UNINCORPORATED,-120.70081329345703,38.413616180419922
94586447,2025,2025-02-21,9295,2025-02-07,2304,016994,,5,3,9,0300,0,1,3,,1,031,SR-88,"BUENA VISTA RD",0.00,,Y,B,-,Y,AMA,,88," "," ",6.177,H,,R,Y,2,0,3,2,A,-,12,21453,A,N,D,C,A,A,H,-,C,A,0,,,,,Y,,A,01,1,2,0,0,0,0,0,0,0,"- ","- ",38.322780609130859,-120.92665100097656,AMADOR,UNINCORPORATED,-120.92662811279297,38.322711944580078
94594823,2024,2025-03-03,9295,2024-12-07,1730,019079,,6,2,9,0300,0,3,5,,2,003,"JACKSON VALLEY RD","RANCHO RD",235.00,W,N,A,-,N,,,,,,,,,,Y,2,0,1,1,A,-,08,22107,,N,E,I,A,A,H,-,D,D,0,,,Y,,Y,,-,"- ",1,0,0,0,0,0,0,0,1,"- ","- ",38.29296875,-120.92198944091797,AMADOR,UNINCORPORATED,-120.92181396484375,38.293060302734375
94612281,2025,2025-03-20,9295,2025-03-13,1643,019229,,4,2,9,0300,0,1,3,,1,031,SR-88,"BLUE SKY DR",620.00,W,N,D,-,Y,AMA,,88," "," ",9.094,H,,R,Y,2,0,4,4,A,-,05,21460,A,N,B,C,A,C,H,-,A,D,0,,,,,Y,,A,07,1,1,2,0,0,0,0,0,0,"- ","- ",38.344028472900391,-120.88191986083984,AMADOR,UNINCORPORATED,-120.88191986083984,38.344017028808594
94641915,2025,2025-04-08,9295,2025-03-31,1735,019079,,1,2,9,0300,0,3,5,,2,006,SR-88,"OMO RANCH RD",10032.00,E,N,D,-,Y,AMA,,88," "," ",43.022,H,,R,N,2,0,3,1,A,-,01,23152,A,N,E,I,A,C,H,-,A,D,0,,,,,Y,Y,A,07,2,0,1,0,0,0,0,0,0,"- ","- ",38.532398223876953,-120.41127777099609,AMADOR,UNINCORPORATED,-120.41123199462891,38.532356262207031
9464464,2022,2022-09-22,0305,2022-05-17,2035,B0922,0305,2,5,1,0305,0,0,0,,0,STC,RT-49,"VIEW WY",10.00,N,N,A,-,Y,AMA,10,49,-,R,7.320,H,-,N,Y,1,1,0,2,A,-,11,21453,D,F,H,G,A,A,H,-,C,A,0,,Y,,,Y,,A,01,0,0,0,0,0,1,0,0,0,"- ","- ",38.381771087646484,-120.80596160888672,AMADOR,"SUTTER CREEK",-120.80628967285156,38.381984710693359
94656635,2024,2025-04-21,9295,2024-11-07,1813,020931,,4,2,9,0300,0,1,3,,1,013,SR-49,"HIGHWAY VIEW LANE",250.00,N,N,A,-,Y,AMA,,49," "," ",20.209,H,,R,Y,1,1,0,1,A,-,01,23152,A,N,E,I,A,A,H,-,D,D,0,,,,,Y,Y,A,01,0,0,0,0,0,0,0,0,0,"- ","- ",38.524131774902344,-120.84742736816406,AMADOR,UNINCORPORATED,-120.84747314453125,38.524120330810547
94711037,2025,2025-06-03,9295,2025-06-01,"945 ",019003,,7,1,9,0300,0,1,3,,1,053,SR-88,"NOBB HILL CT",50.00,E,N,A,-,Y,AMA,,88," "," ",33.482,H,,R,N,2,0,1,1,A,-,08,22107,,N,F,A,A,A,H,-,A,D,0,,,Y,,Y,,C,02,1,0,0,0,0,0,0,0,1,"- ","- ",38.460330963134766,-120.52719116210938,AMADOR,UNINCORPORATED,-120.52724456787109,38.4603271484375
94737198,2025,2025-06-24,9295,2025-06-16,1720,019284,,1,2,9,0300,0,3,5,,2,004,"SHAKE RIDGE RD","CHARLESTON RD",2587.00,E,N,A,-,N,,,,,,,,,,Y,2,0,1,1,C,-,18,,,N,H,H,A,A,H,-,A,D,0,,,Y,,Y,,-,"- ",1,0,0,0,0,0,0,0,1,"- ","- ",38.465969085693359,-120.64824676513672,AMADOR,UNINCORPORATED,-120.64604949951172,38.465839385986328
94749708,2025,2025-07-07,9295,2025-06-23,1730,019079,,1,2,9,0300,0,1,3,,1,031,SR-88,"LOS RANCHOS",190.00,W,N,A,-,Y,AMA,,88," "," ",10.435,H,,R,N,2,0,1,1,B,-,22,,,N,F,A,A,A,D,-,A,D,0,,Y,,,Y,Y,L,04,1,0,0,0,0,0,1,0,0,"- ","- ",38.345390319824219,-120.85867309570312,AMADOR,UNINCORPORATED,-120.85863494873047,38.345317840576172
94757024,2025,2025-07-10,9295,2025-06-28,1740,019284,,6,2,9,0300,0,1,3,,2,024,SR-124,"BRICKYARD RD",528.00,S,N,A,-,Y,AMA,,124," "," ",1.232,H,,R,Y,2,0,2,1,A,-,01,23152,A,N,F,A,A,A,H,-,A,D,0,,,Y,,Y,Y,C,02,1,1,0,0,0,0,0,0,2,"- ","- ",38.337779998779297,-120.93508911132812,AMADOR,UNINCORPORATED,-120.93509674072266,38.337779998779297
94758337,2025,2025-07-11,9295,2025-06-29,1520,019079,,7,2,9,0300,0,3,5,,2,002,"BUENA VISTA RD",SR-124,429.00,S,N,A,-,N,,,,,,,,,,N,2,0,1,1,A,-,08,22107,,N,E,I,A,A,H,-,A,D,0,,,Y,,Y,,C,02,1,0,0,0,0,0,0,0,1,"- ","- ",38.331199645996094,-120.93447113037109,AMADOR,UNINCORPORATED,-120.93385314941406,38.351409912109375
94758750,2025,2025-07-16,9295,2025-06-30,1552,019079,,1,2,9,0300,0,3,5,,2,001,"LATROBE RD","OLD SACRAMENTO ROAD",0.00,,Y,A,-,N,,,,,,,,,,Y,2,0,2,2,A,-,03,22350,,N,B,C,A,A,H,-,A,A,0,,,,,Y,,A,01,1,1,0,0,0,0,0,0,0,"- ","- ",38.481109619140625,-120.93180084228516,AMADOR,UNINCORPORATED,-120.93172454833984,38.480930328369141
9536328,2022,2023-01-20,0303,2022-08-29,1708,D1590,JKC,1,5,2,0303,0,0,0,,0,JKC,BROADWAY,"RT 88",0.00,,Y,A,-,Y,AMA,10,88,-,-,14.360,I,6,W,Y,2,0,1,2,A,-,08,22100,B,N,A,C,A,A,H,-,A,D,0,,,,,Y,,A,07,1,0,0,0,0,0,0,0,0,"- ","- ",38.347629547119141,-120.77233123779297,AMADOR,JACKSON,-120.7723388671875,38.347618103027344
9563949,2022,2023-04-24,0303,2022-12-04,1044,X8255,JKC,7,5,2,0303,0,0,0,,0,JKC,"RT 49","RT 88",900.00,N,N,B,-,Y,AMA,10,49,-,-,4.150,H,-,N,Y,2,0,1,2,C,-,18,,,N,C,C,A,A,H,-,A,A,0,,,,,Y,,-,"- ",1,0,0,0,0,0,0,0,0,"- ","- ",38.348201751708984,-120.775390625,AMADOR,JACKSON,-120.77468109130859,38.348129272460938
9604132,2023,2023-08-28,0303,2023-06-29,1752,H7996,JKC,4,5,2,0303,0,0,0,,0,JKC,"RT 49","SUTTER ST",0.00,,Y,A,-,Y,AMA,10,49,-,R,4.720,H,-,N,Y,2,0,1,1,A,-,08,22107,,N,E,J,A,A,H,-,A,D,0,,,Y,,Y,,C,02,1,0,0,0,0,0,0,0,1,"- ","- ",38.353130340576172,-120.77683258056641,AMADOR,JACKSON,-120.77987670898438,38.355415344238281
9622095,2023,2023-11-07,0303,2023-08-31,1537,H7996,,4,5,2,0303,0,0,0,,0,,"RT 88","PITT ST",0.00,,Y,A,-,Y,AMA,10,88,-,-,14.540,H,-,E,N,2,0,1,3,A,-,03,22350,,N,C,C,A,A,H,-,A,D,0,,,,,Y,,A,01,1,0,0,0,0,0,0,0,0,"- ","- ",38.437770843505859,-120.54403686523438,AMADOR,JACKSON,-120.77059173583984,38.349952697753906
9625241,2023,2023-10-10,0300,2023-08-26,1208,P8978,PLC,6,5,1,0304,0,0,0,,0,020,"RT 49","POPLAR ST",0.00,,Y,A,-,Y,AMA,10,49,-,-,16.900,I,5,S,Y,2,0,1,2,A,-,01,23153,,N,A,C,A,A,H,-,A,D,0,,,,,Y,Y,D,22,1,0,0,0,0,0,0,0,0,"- ","- ",38.478851318359375,-120.84703063964844,AMADOR,PLYMOUTH,-120.84781646728516,38.477859497070312
9718113,2024,2024-08-01,0303,2024-04-09,2106,X7501,JKC,2,5,2,0303,0,0,0,,0,JKC,"RT 88","COURT ST",90.00,E,N,A,-,Y,AMA,10,88,-,-,14.920,H,-,E,N,2,0,1,2,A,-,03,22350,,M,G,B,E,A,H,-,D,D,0,Y,,,,Y,,A,01,1,0,0,0,1,0,0,0,0,"- ","- ",38.352828979492188,-120.76513671875,AMADOR,JACKSON,-120.76486206054688,38.352993011474609
9763048,2024,2025-01-10,0305,2024-12-09,2147,M5116,0305,1,5,1,0305,0,0,0,,0,STC,"RIDGE RD","BOWERS RD",0.00,,Y,A,-,N,,,,,,,,,,Y,2,0,1,2,A,-,09,21802,A,N,D,C,A,A,H,-,C,A,0,,,,,Y,,A,01,1,0,0,0,0,0,0,0,0,"- ","- ",38.276538848876953,-120.80518341064453,AMADOR,"SUTTER CREEK",-120.804931640625,38.376712799072266